code,direct,opentime,openprice,closetime,closeprice,qty,profit,maxprofit,maxloss,totalprofit,entertag,exittag,openbarno,closebarno
CFFEX.IF.HOT,LONG,201601051310,3452.6,201601051330,3421.2,2,-18840,960,-18720,-18934.9,DT_EnterLong,DT_ExitLong,73,77
CFFEX.IF.HOT,SHORT,201601051340,3400,201601061010,3450.6,2,-30360,35400,-37680,-49389.4,DT_EnterShort,DT_ExitShort,79,103
CFFEX.IF.HOT,SHORT,201601070950,3308,201601080955,3256.4,2,30960,53880,-37800,-18520,DT_EnterShort,DT_ExitShort,147,196
CFFEX.IF.HOT,SHORT,201601121455,3184.8,201601130945,3222.8,2,-22800,1680,-30720,-41408.4,DT_EnterShort,DT_ExitShort,334,338
CFFEX.IF.HOT,SHORT,201601131320,3198.4,201601141355,3172.4,2,15600,69840,-12840,-25896.3,DT_EnterShort,DT_ExitShort,363,418
CFFEX.IF.HOT,SHORT,201601151010,3122.8,201601181030,3060.2,2,37560,82680,-720,11578.4,DT_EnterShort,DT_ExitShort,439,491
CFFEX.IF.HOT,SHORT,201601181055,3035.8,201601181310,3086.4,2,-30360,9480,-31320,-18866.1,DT_EnterShort,DT_ExitShort,496,505
CFFEX.IF.HOT,SHORT,201601191100,3051.4,201601191305,3117.2,2,-39480,6840,-38040,-58431.3,DT_EnterShort,DT_ExitShort,545,552
CFFEX.IF.HOT,LONG,201601191310,3122.2,201601211345,3042,2,-48120,20280,-54720,-106636,DT_EnterLong,DT_ExitLong,553,656
CFFEX.IF.HOT,SHORT,201601211350,3049,201601221400,3057.8,2,-5280,38280,-10320,-112001,DT_EnterShort,DT_ExitShort,657,707
CFFEX.IF.HOT,LONG,201601271500,2875.4,201601281350,2846.4,2,-17400,14640,-20640,-129480,DT_EnterLong,DT_ExitLong,863,897
CFFEX.IF.HOT,LONG,201601291035,2884,201602030950,2912.6,2,17160,47400,-24600,-112400,DT_EnterLong,DT_ExitLong,924,1059
CFFEX.IF.HOT,LONG,201602031450,2941.6,201602051420,2943.8,2,1320,33840,-5040,-111161,DT_EnterLong,DT_ExitLong,1101,1191
CFFEX.IF.HOT,SHORT,201602170955,2977,201602191355,3004.8,2,-16680,13080,-31200,-127923,DT_EnterShort,DT_ExitShort,1300,1426
CFFEX.IF.HOT,SHORT,201602191450,2971.4,201602220950,3015.2,2,-26280,480,-37800,-154286,DT_EnterShort,DT_ExitShort,1437,1443
CFFEX.IF.HOT,SHORT,201602231035,3025.2,201602241000,3034.4,2,-5520,22080,-9360,-159890,DT_EnterShort,DT_ExitShort,1500,1541
CFFEX.IF.HOT,SHORT,201602241115,3001.8,201602241450,3019.4,2,-10560,14880,-17160,-170533,DT_EnterShort,DT_ExitShort,1556,1581
CFFEX.IF.HOT,SHORT,201602251025,2995.6,201603031435,3019.2,2,-14160,145440,-23520,-184776,DT_EnterShort,DT_ExitShort,1594,1866
CFFEX.IF.HOT,LONG,201603041045,3035.8,201603071355,3059.8,2,14400,59880,-31680,-170460,DT_EnterLong,DT_ExitLong,1886,1954
CFFEX.IF.HOT,SHORT,201603091105,3013,201603140940,3030,2,-10200,31200,-28200,-180743,DT_EnterShort,DT_ExitShort,2034,2161
CFFEX.IF.HOT,SHORT,201603150935,3042.8,201603151450,3048.6,2,-3480,18480,-10680,-184307,DT_EnterShort,DT_ExitShort,2208,2253
CFFEX.IF.HOT,SHORT,201603180950,3082.4,201603181045,3123.4,2,-24600,120,-30120,-208993,DT_EnterShort,DT_ExitShort,2355,2366
CFFEX.IF.HOT,SHORT,201603221000,3201.8,201603221430,3203.8,2,-1200,5880,-10920,-210281,DT_EnterShort,DT_ExitShort,2453,2489
CFFEX.IF.HOT,LONG,201603221435,3206,201603251105,3150.4,2,-33360,10320,-45480,-243729,DT_EnterLong,DT_ExitLong,2490,2610
CFFEX.IF.HOT,SHORT,201603251110,3153.2,201603301005,3158.6,2,-3240,42600,-38160,-247056,DT_EnterShort,DT_ExitShort,2611,2742
CFFEX.IF.HOT,SHORT,201603311430,3190.2,201603311445,3201.2,2,-6600,2520,-8280,-253744,DT_EnterShort,DT_ExitShort,2825,2828
CFFEX.IF.HOT,LONG,201603311450,3196.2,201604061110,3232.4,2,21720,42840,-43560,-232113,DT_EnterLong,DT_ExitLong,2829,2947
CFFEX.IF.HOT,SHORT,201604071025,3217.4,201604130940,3254.8,2,-22440,43080,-23520,-254642,DT_EnterShort,DT_ExitShort,2986,3169
CFFEX.IF.HOT,SHORT,201604191050,3184.2,201604191500,3195.6,2,-6840,5400,-11040,-261570,DT_EnterShort,DT_ExitShort,3375,3407
CFFEX.IF.HOT,SHORT,201604201105,3165.6,201604251405,3131,2,20760,56040,-2280,-240897,DT_EnterShort,DT_ExitShort,3426,3588
CFFEX.IF.HOT,SHORT,201604261305,3112.8,201604261500,3137.2,2,-14640,4440,-15120,-255623,DT_EnterShort,DT_ExitShort,3624,3647
CFFEX.IF.HOT,SHORT,201604271430,3130,201604290935,3111.2,2,11280,19680,-6000,-244430,DT_EnterShort,DT_ExitShort,3689,3744
CFFEX.IF.HOT,SHORT,201605041025,3180.8,201605051035,3179.8,2,600,8160,-10320,-243917,DT_EnterShort,DT_ExitShort,3850,3900
CFFEX.IF.HOT,LONG,201605051445,3187.6,201605061030,3175,2,-7560,4080,-9360,-251565,DT_EnterLong,DT_ExitLong,3932,3947
CFFEX.IF.HOT,SHORT,201605061035,3175,201605101115,3046.2,2,77280,91800,-1800,-174371,DT_EnterShort,DT_ExitShort,3948,4052
CFFEX.IF.HOT,LONG,201605111015,3047.2,201605111040,3042.6,2,-2760,480,-5520,-177215,DT_EnterLong,DT_ExitLong,4088,4093
CFFEX.IF.HOT,LONG,201605111110,3055.2,201605120945,3023,2,-19320,15480,-24120,-196619,DT_EnterLong,DT_ExitLong,4099,4130
CFFEX.IF.HOT,LONG,201605121120,3060.6,201605171100,3068.4,2,4680,20280,-15360,-192024,DT_EnterLong,DT_ExitLong,4149,4289
CFFEX.IF.HOT,LONG,201605171410,3096.6,201605180945,3019.4,2,-46320,1320,-46080,-238428,DT_EnterLong,DT_ExitLong,4309,4322
CFFEX.IF.HOT,LONG,201605201055,3036.4,201605201335,3023.4,2,-7800,960,-8520,-246312,DT_EnterLong,DT_ExitLong,4432,4446
CFFEX.IF.HOT,LONG,201605201425,3036,201605231410,3039.6,2,2160,22200,-1200,-244235,DT_EnterLong,DT_ExitLong,4456,4501
CFFEX.IF.HOT,LONG,201605250940,3047.4,201605251350,3026,2,-12840,6960,-13080,-257159,DT_EnterLong,DT_ExitLong,4561,4593
CFFEX.IF.HOT,SHORT,201605251355,3022.4,201605261435,3024.6,2,-1320,20640,-14160,-258563,DT_EnterShort,DT_ExitShort,4594,4650
CFFEX.IF.HOT,SHORT,201605300955,3012,201605301100,3031.4,2,-11640,1800,-13440,-270286,DT_EnterShort,DT_ExitShort,4708,4721
CFFEX.IF.HOT,LONG,201606030950,3142,201606061305,3158.4,2,9840,29640,-5640,-260533,DT_EnterLong,DT_ExitLong,4899,4968
CFFEX.IF.HOT,LONG,201606071050,3159.4,201606071120,3154.2,2,-3120,2.72848e-10,-4320,-263740,DT_EnterLong,DT_ExitLong,5007,5013
CFFEX.IF.HOT,LONG,201606071325,3161.6,201606080940,3146.8,2,-8880,720,-10440,-272707,DT_EnterLong,DT_ExitLong,5020,5041
CFFEX.IF.HOT,SHORT,201606130950,3117.2,201606151015,3074.4,2,25680,56640,-8760,-247113,DT_EnterShort,DT_ExitShort,5091,5192
CFFEX.IF.HOT,SHORT,201606160955,3050.6,201606171000,3069.8,2,-11520,18360,-17160,-258717,DT_EnterShort,DT_ExitShort,5236,5285
CFFEX.IF.HOT,SHORT,201606171355,3029.6,201606201335,3045.8,2,-9720,8280,-19200,-268521,DT_EnterShort,DT_ExitShort,5314,5358
CFFEX.IF.HOT,SHORT,201606211400,3055.2,201606221120,3069,2,-8280,16560,-8160,-276885,DT_EnterShort,DT_ExitShort,5411,5445
CFFEX.IF.HOT,LONG,201606240945,3075.6,201606241040,3050,2,-15360,6600,-19080,-292330,DT_EnterLong,DT_ExitLong,5522,5533
CFFEX.IF.HOT,LONG,201606271015,3052.4,201607060940,3164.8,2,67440,79440,-2520,-224976,DT_EnterLong,DT_ExitLong,5576,5905
CFFEX.IF.HOT,SHORT,201607060945,3161,201607061330,3172.6,2,-6960,7320,-9840,-232023,DT_EnterShort,DT_ExitShort,5906,5933
CFFEX.IF.HOT,SHORT,201607071310,3168.2,201607071430,3188.6,2,-12240,120,-12480,-244351,DT_EnterShort,DT_ExitShort,5977,5993
CFFEX.IF.HOT,LONG,201607071435,3188,201607081005,3174.6,2,-8040,1680,-13800,-252479,DT_EnterLong,DT_ExitLong,5994,6006
CFFEX.IF.HOT,LONG,201607081130,3175.4,201607081310,3170.8,2,-2760,120,-3840,-255326,DT_EnterLong,DT_ExitLong,6023,6025
CFFEX.IF.HOT,LONG,201607110940,3197.8,201607120935,3184.8,2,-7800,17520,-13680,-263214,DT_EnterLong,DT_ExitLong,6049,6096
CFFEX.IF.HOT,SHORT,201607120940,3201.2,201607121020,3226.2,2,-15000,3720,-19080,-278303,DT_EnterShort,DT_ExitShort,6097,6105
CFFEX.IF.HOT,SHORT,201607121120,3199.8,201607121400,3225.2,2,-15240,960,-15480,-293632,DT_EnterShort,DT_ExitShort,6117,6131
CFFEX.IF.HOT,LONG,201607150955,3243.8,201607151130,3235,2,-5280,2400,-7440,-299001,DT_EnterLong,DT_ExitLong,6244,6263
CFFEX.IF.HOT,LONG,201607151440,3246.8,201607181020,3229.6,2,-10320,3960,-12240,-309411,DT_EnterLong,DT_ExitLong,6283,6297
CFFEX.IF.HOT,LONG,201607181350,3240,201607181440,3233.6,2,-3840,1560,-7080,-313340,DT_EnterLong,DT_ExitLong,6321,6331
CFFEX.IF.HOT,SHORT,201607201100,3200,201607210950,3222.4,2,-13440,2520,-15000,-326869,DT_EnterShort,DT_ExitShort,6401,6435
CFFEX.IF.HOT,LONG,201607211000,3218.8,201607251425,3198.8,2,-12000,14040,-18120,-338957,DT_EnterLong,DT_ExitLong,6437,6568
CFFEX.IF.HOT,LONG,201607260955,3220.2,201607271305,3171.2,2,-29400,21360,-28200,-368445,DT_EnterLong,DT_ExitLong,6580,6648
CFFEX.IF.HOT,LONG,201607281055,3197,201607291420,3189.6,2,-4440,5760,-13080,-372973,DT_EnterLong,DT_ExitLong,6688,6759
CFFEX.IF.HOT,LONG,201608021445,3162,201608031425,3163.8,2,1080,11280,-4440,-371981,DT_EnterLong,DT_ExitLong,6860,6904
CFFEX.IF.HOT,SHORT,201608031430,3162,201608040950,3168,2,-3600,0,-6600,-375668,DT_EnterShort,DT_ExitShort,6905,6915
CFFEX.IF.HOT,SHORT,201608081010,3183.4,201608081050,3207.2,2,-14280,1920,-14160,-390036,DT_EnterShort,DT_ExitShort,7015,7023
CFFEX.IF.HOT,SHORT,201608101325,3238.4,201608111005,3255.6,2,-10320,4440,-18720,-400446,DT_EnterShort,DT_ExitShort,7132,7158
CFFEX.IF.HOT,SHORT,201608111455,3234.6,201608121350,3251,2,-9840,7560,-12480,-410375,DT_EnterShort,DT_ExitShort,7198,7233
CFFEX.IF.HOT,LONG,201608121355,3258.2,201608181050,3350.6,2,55440,99360,-1080,-355027,DT_EnterLong,DT_ExitLong,7234,7407
CFFEX.IF.HOT,SHORT,201608181105,3350.8,201608191430,3338.8,2,7200,23280,-10680,-347919,DT_EnterShort,DT_ExitShort,7410,7481
CFFEX.IF.HOT,SHORT,201608221100,3323.2,201608231030,3337,2,-8280,9000,-10440,-356291,DT_EnterShort,DT_ExitShort,7505,7547
CFFEX.IF.HOT,SHORT,201608231350,3322.8,201608251500,3283,2,23880,43680,-3720,-332502,DT_EnterShort,DT_ExitShort,7569,7679
CFFEX.IF.HOT,LONG,201608260935,3292.2,201608261430,3284.2,2,-4800,11880,-6360,-337393,DT_EnterLong,DT_ExitLong,7680,7721
CFFEX.IF.HOT,SHORT,201608291340,3278.8,201608301330,3288.2,2,-5640,5280,-11760,-343123,DT_EnterShort,DT_ExitShort,7759,7805
CFFEX.IF.HOT,LONG,201608310950,3286.2,201608310955,3286.2,2,2.72848e-10,960,-960,-343214,DT_EnterLong,DT_ExitLong,7827,7828
CFFEX.IF.HOT,LONG,201608311000,3289,201609011105,3294.4,2,3240,18000,-4800,-340065,DT_EnterLong,DT_ExitLong,7829,7890
CFFEX.IF.HOT,SHORT,201609021325,3287.8,201609091000,3331,2,-25920,8760,-33480,-366076,DT_EnterShort,DT_ExitShort,7948,8165
CFFEX.IF.HOT,SHORT,201609091045,3316.8,201609131010,3250.2,2,39960,55080,-6960,-326207,DT_EnterShort,DT_ExitShort,8174,8263
CFFEX.IF.HOT,SHORT,201609140940,3202.6,201609191005,3213.6,2,-6600,10200,-12600,-332895,DT_EnterShort,DT_ExitShort,8305,8358
CFFEX.IF.HOT,LONG,201609191010,3213.6,201609201420,3211.8,2,-1080,3480,-5040,-334064,DT_EnterLong,DT_ExitLong,8359,8439
CFFEX.IF.HOT,LONG,201609210940,3216,201609301000,3239.6,2,14160,38160,-9000,-319993,DT_EnterLong,DT_ExitLong,8449,8789
CFFEX.IF.HOT,LONG,201609301035,3248.2,201610111410,3291.2,2,25800,32760,-20760,-294283,DT_EnterLong,DT_ExitLong,8796,8917
CFFEX.IF.HOT,SHORT,201610111415,3292,201610121355,3289.6,2,1440,4680,-4080,-292934,DT_EnterShort,DT_ExitShort,8918,8962
CFFEX.IF.HOT,SHORT,201610121410,3282.2,201610130945,3300,2,-10680,1080,-14880,-303705,DT_EnterShort,DT_ExitShort,8965,8978
CFFEX.IF.HOT,SHORT,201610131055,3281.6,201610141445,3294.4,2,-7680,6720,-8280,-311476,DT_EnterShort,DT_ExitShort,8992,9068
CFFEX.IF.HOT,SHORT,201610171415,3290.2,201610181315,3287.2,2,1800,16320,-2640,-309767,DT_EnterShort,DT_ExitShort,9110,9146
CFFEX.IF.HOT,LONG,201610211020,3289,201610211310,3283,2,-3600,15240,-8880,-313457,DT_EnterLong,DT_ExitLong,9273,9289
CFFEX.IF.HOT,LONG,201610211440,3296.4,201610281320,3324.8,2,17040,42840,-480,-296509,DT_EnterLong,DT_ExitLong,9307,9531
CFFEX.IF.HOT,LONG,201610281425,3329.4,201610281445,3323.6,2,-3480,2280,-3840,-300080,DT_EnterLong,DT_ExitLong,9544,9548
CFFEX.IF.HOT,LONG,201610311420,3319.2,201611021015,3329.2,2,6000,15840,-2520,-294172,DT_EnterLong,DT_ExitLong,9591,9656
CFFEX.IF.HOT,SHORT,201611021020,3330.6,201611031015,3336.2,2,-3360,11640,-4440,-297624,DT_EnterShort,DT_ExitShort,9657,9704
CFFEX.IF.HOT,LONG,201611031020,3333,201611041305,3350.4,2,10440,25080,-5760,-287276,DT_EnterLong,DT_ExitLong,9705,9768
CFFEX.IF.HOT,SHORT,201611080935,3352.4,201611080940,3359.6,2,-4320,0,-8280,-291689,DT_EnterShort,DT_ExitShort,9840,9841
CFFEX.IF.HOT,LONG,201611080945,3358.6,201611091010,3353,2,-3360,12000,-5760,-295142,DT_EnterLong,DT_ExitLong,9842,9895
CFFEX.IF.HOT,LONG,201611100945,3391.2,201611141425,3414,2,13680,35040,-13680,-281556,DT_EnterLong,DT_ExitLong,9938,10072
CFFEX.IF.HOT,LONG,201611171440,3400,201611211425,3407,2,4200,26760,-9480,-277450,DT_EnterLong,DT_ExitLong,10219,10312
CFFEX.IF.HOT,LONG,201611221000,3434.8,201611251030,3448,2,7920,31440,-5640,-269625,DT_EnterLong,DT_ExitLong,10325,10475
CFFEX.IF.HOT,LONG,201611251325,3467.6,201612081330,3461.2,2,-3840,68880,-17640,-273560,DT_EnterLong,DT_ExitLong,10492,10925
CFFEX.IF.HOT,LONG,201612081405,3466.8,201612121005,3455.8,2,-6600,18480,-12600,-280256,DT_EnterLong,DT_ExitLong,10932,10998
CFFEX.IF.HOT,LONG,201612131355,3393.2,201612141125,3396,2,1680,8280,-10560,-278669,DT_EnterLong,DT_ExitLong,11074,11110
CFFEX.IF.HOT,LONG,201612141315,3395.2,201612141435,3387.6,2,-4560,5040,-5520,-283323,DT_EnterLong,DT_ExitLong,11114,11130
CFFEX.IF.HOT,SHORT,201612141440,3390,201612161055,3319.8,2,42120,63480,-120,-241296,DT_EnterShort,DT_ExitShort,11131,11200
CFFEX.IF.HOT,SHORT,201612161130,3313.2,201612211000,3301.4,2,7080,36840,-7920,-234307,DT_EnterShort,DT_ExitShort,11207,11333
CFFEX.IF.HOT,LONG,201612221440,3301.8,201612230955,3293,2,-5280,1560,-6240,-239678,DT_EnterLong,DT_ExitLong,11419,11428
CFFEX.IF.HOT,SHORT,201612231000,3289.4,201612261355,3267.6,2,13080,33360,-1560,-226688,DT_EnterShort,DT_ExitShort,11429,11506
CFFEX.IF.HOT,LONG,201612291305,3300.2,201701051305,3354,2,32280,39360,-11040,-194500,DT_EnterLong,DT_ExitLong,11640,11832
CFFEX.IF.HOT,LONG,201701091105,3350.8,201701101040,3348.8,2,-1200,6000,-3720,-195793,DT_EnterLong,DT_ExitLong,11922,11965
CFFEX.IF.HOT,SHORT,201701101045,3347.8,201701101325,3352.6,2,-2880,1080,-5160,-198765,DT_EnterShort,DT_ExitShort,11966,11980
CFFEX.IF.HOT,LONG,201701101330,3352.6,201701111100,3346.8,2,-3480,4440,-6480,-202338,DT_EnterLong,DT_ExitLong,11981,12017
CFFEX.IF.HOT,SHORT,201701121340,3324,201701131130,3323.6,2,240,15960,-6360,-202189,DT_EnterShort,DT_ExitShort,12079,12119
CFFEX.IF.HOT,SHORT,201701131405,3313.6,201701170945,3308.4,2,3120,62280,-5040,-199161,DT_EnterShort,DT_ExitShort,12132,12194
CFFEX.IF.HOT,LONG,201701171350,3310.8,201701190950,3319.8,2,5400,28320,-1560,-193852,DT_EnterLong,DT_ExitLong,12225,12291
CFFEX.IF.HOT,LONG,201701201000,3334.6,201701231340,3356.8,2,13320,26760,-840,-180624,DT_EnterLong,DT_ExitLong,12341,12415
CFFEX.IF.HOT,SHORT,201701250945,3340.8,201702071045,3356.2,2,-9240,0,-32400,-189957,DT_EnterShort,DT_ExitShort,12482,12686
CFFEX.IF.HOT,LONG,201702100945,3387.8,201702140955,3401.6,2,8280,22920,-3120,-181771,DT_EnterLong,DT_ExitLong,12818,12916
CFFEX.IF.HOT,SHORT,201702151440,3398.2,201702161340,3410.2,2,-7200,8160,-7080,-189065,DT_EnterShort,DT_ExitShort,13003,13039
CFFEX.IF.HOT,SHORT,201702171310,3404.2,201702201020,3427.2,2,-13800,7920,-15240,-202959,DT_EnterShort,DT_ExitShort,13081,13113
CFFEX.IF.HOT,SHORT,201702221100,3458.8,201702221340,3461,2,-1320,3480,-2520,-204374,DT_EnterShort,DT_ExitShort,13217,13231
CFFEX.IF.HOT,LONG,201702221350,3461.8,201702231040,3455.6,2,-3720,4680,-4560,-208190,DT_EnterLong,DT_ExitLong,13233,13261
CFFEX.IF.HOT,SHORT,201702271320,3440.6,201703011010,3438.4,2,1320,13440,-2880,-206965,DT_EnterShort,DT_ExitShort,13371,13447
CFFEX.IF.HOT,LONG,201703060935,3405.4,201703071030,3421.4,2,9600,15360,-1560,-197459,DT_EnterLong,DT_ExitLong,13584,13643
CFFEX.IF.HOT,LONG,201703071100,3423.6,201703071310,3422.2,2,-840,480,-3360,-198393,DT_EnterLong,DT_ExitLong,13649,13657
CFFEX.IF.HOT,SHORT,201703071325,3419.8,201703100950,3412,2,4680,18360,-9840,-193808,DT_EnterShort,DT_ExitShort,13660,13779
CFFEX.IF.HOT,SHORT,201703101450,3409.6,201703131035,3423.8,2,-8520,8400,-8640,-202422,DT_EnterShort,DT_ExitShort,13821,13836
CFFEX.IF.HOT,SHORT,201703141350,3447,201703151040,3445.6,2,840,5280,-3120,-201677,DT_EnterShort,DT_ExitShort,13905,13933
CFFEX.IF.HOT,SHORT,201703151100,3448,201703170940,3461.2,2,-7920,8400,-15000,-209692,DT_EnterShort,DT_ExitShort,13937,14017
CFFEX.IF.HOT,LONG,201703171000,3457.2,201703171310,3451.4,2,-3480,1080,-4320,-213268,DT_EnterLong,DT_ExitLong,14021,14041
CFFEX.IF.HOT,SHORT,201703221040,3420,201703230935,3426,2,-3600,12480,-3720,-216962,DT_EnterShort,DT_ExitShort,14173,14208
CFFEX.IF.HOT,LONG,201703230940,3434.4,201703231350,3416.8,2,-10560,9360,-15240,-227617,DT_EnterLong,DT_ExitLong,14209,14241
CFFEX.IF.HOT,LONG,201703240940,3444,201703271345,3466.4,2,13440,30240,-3000,-214272,DT_EnterLong,DT_ExitLong,14257,14336
CFFEX.IF.HOT,LONG,201703291130,3468.8,201704071110,3500.4,2,18960,25440,-27960,-195408,DT_EnterLong,DT_ExitLong,14423,14659
CFFEX.IF.HOT,SHORT,201704101130,3504,201704111010,3513,2,-5400,7440,-27600,-200905,DT_EnterShort,DT_ExitShort,14711,14743
CFFEX.IF.HOT,SHORT,201704111040,3496.2,201704111450,3506,2,-5880,21240,-6960,-206882,DT_EnterShort,DT_ExitShort,14749,14781
CFFEX.IF.HOT,SHORT,201704121445,3496.4,201704180945,3474,2,13440,24720,-13440,-193538,DT_EnterShort,DT_ExitShort,14828,14978
CFFEX.IF.HOT,LONG,201704201305,3439.2,201704211355,3434.6,2,-2760,10080,-8040,-196393,DT_EnterLong,DT_ExitLong,15096,15154
CFFEX.IF.HOT,SHORT,201704261455,3431.4,201704271405,3428,2,2040,24240,-840,-194448,DT_EnterShort,DT_ExitShort,15310,15348
CFFEX.IF.HOT,LONG,201705021045,3417.2,201705021115,3411.2,2,-3600,1560,-5880,-198142,DT_EnterLong,DT_ExitLong,15422,15428
CFFEX.IF.HOT,SHORT,201705021120,3408.6,201705041130,3401.8,2,4080,15960,-6600,-194156,DT_EnterShort,DT_ExitShort,15429,15527
CFFEX.IF.HOT,LONG,201705091305,3347,201705091345,3335,2,-7200,0,-9120,-201448,DT_EnterLong,DT_ExitLong,15672,15680
CFFEX.IF.HOT,LONG,201705091450,3344.4,201705171120,3398.2,2,32280,52080,-20640,-169261,DT_EnterLong,DT_ExitLong,15693,15957
CFFEX.IF.HOT,SHORT,201705191055,3379,201705191315,3379.8,2,-480,240,-3960,-169834,DT_EnterShort,DT_ExitShort,16048,16058
CFFEX.IF.HOT,LONG,201705191500,3380.8,201705221325,3382.8,2,1200,14880,-5760,-168728,DT_EnterLong,DT_ExitLong,16079,16108
CFFEX.IF.HOT,LONG,201705231010,3396.6,201705231420,3391.8,2,-2880,15000,-6360,-171701,DT_EnterLong,DT_ExitLong,16135,16167
CFFEX.IF.HOT,SHORT,201705231430,3388.8,201705310950,3504.2,2,-69240,8880,-74880,-241036,DT_EnterShort,DT_ExitShort,16169,16323
CFFEX.IF.HOT,LONG,201705310955,3512.8,201705311305,3466.8,2,-27600,2400,-27960,-268733,DT_EnterLong,DT_ExitLong,16324,16344
CFFEX.IF.HOT,LONG,201706011055,3483.6,201706021025,3480.8,2,-1680,6840,-2400,-270509,DT_EnterLong,DT_ExitLong,16384,16426
CFFEX.IF.HOT,LONG,201706021430,3489.8,201706051000,3467.2,2,-13560,120,-14160,-284165,DT_EnterLong,DT_ExitLong,16457,16469
CFFEX.IF.HOT,LONG,201706061335,3471.2,201706121310,3566.8,2,57360,76080,-3480,-226902,DT_EnterLong,DT_ExitLong,16542,16729
CFFEX.IF.HOT,SHORT,201706121315,3568.4,201706131130,3578.4,2,-6000,8280,-6720,-233001,DT_EnterShort,DT_ExitShort,16730,16775
CFFEX.IF.HOT,SHORT,201706141010,3562.8,201706191010,3516.4,2,27840,47760,-600,-205258,DT_EnterShort,DT_ExitShort,16807,16951
CFFEX.IF.HOT,SHORT,201706201045,3519,201706211015,3542.2,2,-13920,4080,-14400,-219276,DT_EnterShort,DT_ExitShort,17006,17048
CFFEX.IF.HOT,SHORT,201706211400,3526.2,201706231440,3571.8,2,-27360,600,-47880,-246734,DT_EnterShort,DT_ExitShort,17075,17179
CFFEX.IF.HOT,SHORT,201706271025,3636.2,201706271125,3640,2,-2280,2520,-4080,-249114,DT_EnterShort,DT_ExitShort,17242,17254
CFFEX.IF.HOT,LONG,201706271435,3646,201706281030,3630.2,2,-9480,6000,-9960,-258695,DT_EnterLong,DT_ExitLong,17274,17291
CFFEX.IF.HOT,SHORT,201706281355,3631,201706291015,3633.6,2,-1560,6600,-10800,-260355,DT_EnterShort,DT_ExitShort,17314,17336
CFFEX.IF.HOT,SHORT,201706291055,3630.6,201706291305,3643.4,2,-7680,1800,-10320,-268135,DT_EnterShort,DT_ExitShort,17344,17352
CFFEX.IF.HOT,LONG,201706291310,3645.8,201706301015,3634.4,2,-6840,3360,-9480,-275076,DT_EnterLong,DT_ExitLong,17353,17384
CFFEX.IF.HOT,SHORT,201706301020,3634.8,201706301400,3646.8,2,-7200,3480,-7800,-282376,DT_EnterShort,DT_ExitShort,17385,17411
CFFEX.IF.HOT,SHORT,201707031015,3624.6,201707051100,3605.2,2,11640,24120,-6120,-270836,DT_EnterShort,DT_ExitShort,17432,17537
CFFEX.IF.HOT,LONG,201707061440,3644.6,201707121105,3656.8,2,7320,29040,-18840,-263617,DT_EnterLong,DT_ExitLong,17611,17778
CFFEX.IF.HOT,LONG,201707141325,3675,201707171010,3665.6,2,-5640,20760,-26880,-269358,DT_EnterLong,DT_ExitLong,17884,17911
CFFEX.IF.HOT,LONG,201707171120,3692.4,201707171425,3653.2,2,-23520,8040,-24240,-292979,DT_EnterLong,DT_ExitLong,17925,17944
CFFEX.IF.HOT,LONG,201707181445,3654,201707241335,3730.2,2,45720,56280,-6240,-247361,DT_EnterLong,DT_ExitLong,17996,18174
CFFEX.IF.HOT,LONG,201707241345,3735.2,201707251000,3717.6,2,-10560,4080,-14640,-258024,DT_EnterLong,DT_ExitLong,18176,18197
CFFEX.IF.HOT,LONG,201707271330,3688.2,201707311025,3701.2,2,7800,16320,-2520,-250326,DT_EnterLong,DT_ExitLong,18317,18394
CFFEX.IF.HOT,LONG,201707311055,3713.8,201708011430,3736.8,2,13800,22800,-1560,-236629,DT_EnterLong,DT_ExitLong,18400,18473
CFFEX.IF.HOT,SHORT,201708021450,3750.4,201708041335,3730,2,12240,25320,-4560,-224492,DT_EnterShort,DT_ExitShort,18525,18606
CFFEX.IF.HOT,SHORT,201708041425,3715.6,201708071410,3715.4,2,120,19320,-840,-224475,DT_EnterShort,DT_ExitShort,18616,18661
CFFEX.IF.HOT,LONG,201708081350,3721.6,201708090940,3711.8,2,-5880,2640,-7560,-230457,DT_EnterLong,DT_ExitLong,18705,18721
CFFEX.IF.HOT,LONG,201708091050,3716.6,201708101115,3713.4,2,-1920,12600,-4920,-232480,DT_EnterLong,DT_ExitLong,18735,18788
CFFEX.IF.HOT,LONG,201708141050,3664.8,201708151405,3688.6,2,14280,25560,-2280,-218301,DT_EnterLong,DT_ExitLong,18879,18948
CFFEX.IF.HOT,LONG,201708161420,3677.6,201708161500,3672.8,2,-2880,840,-4560,-221283,DT_EnterLong,DT_ExitLong,18999,19007
CFFEX.IF.HOT,LONG,201708170940,3690.8,201708181115,3684.4,2,-3840,8400,-7920,-225224,DT_EnterLong,DT_ExitLong,19009,19076
CFFEX.IF.HOT,LONG,201708181335,3704.6,201708241035,3732.4,2,16680,32520,-1560,-208647,DT_EnterLong,DT_ExitLong,19086,19260
CFFEX.IF.HOT,LONG,201708251005,3749,201708301340,3837.8,2,53280,76560,-720,-155472,DT_EnterLong,DT_ExitLong,19302,19471
CFFEX.IF.HOT,LONG,201708301445,3844.2,201708301500,3836.2,2,-4800,2640,-7320,-160378,DT_EnterLong,DT_ExitLong,19484,19487
CFFEX.IF.HOT,SHORT,201708310935,3838.8,201709041320,3843.2,2,-2640,17040,-8520,-163124,DT_EnterShort,DT_ExitShort,19488,19611
CFFEX.IF.HOT,SHORT,201709041450,3835.4,201709061345,3856.2,2,-12480,2640,-18960,-175710,DT_EnterShort,DT_ExitShort,19629,19712
CFFEX.IF.HOT,SHORT,201709071110,3844.8,201709111015,3842.2,2,1560,22080,-5280,-174256,DT_EnterShort,DT_ExitShort,19747,19832
CFFEX.IF.HOT,LONG,201709111020,3841.6,201709111320,3825.2,2,-9840,10320,-9720,-184202,DT_EnterLong,DT_ExitLong,19833,19851
CFFEX.IF.HOT,SHORT,201709111445,3826.2,201709121120,3831.6,2,-3240,2280,-11280,-187547,DT_EnterShort,DT_ExitShort,19868,19893
CFFEX.IF.HOT,SHORT,201709130945,3836.8,201709131125,3840.8,2,-2400,5040,-5280,-190053,DT_EnterShort,DT_ExitShort,19922,19942
CFFEX.IF.HOT,LONG,201709131305,3838.4,201709141125,3836.4,2,-1200,11760,-3840,-191359,DT_EnterLong,DT_ExitLong,19944,19990
CFFEX.IF.HOT,LONG,201709151315,3830.2,201709151405,3819.8,2,-6240,360,-6240,-197705,DT_EnterLong,DT_ExitLong,20042,20052
CFFEX.IF.HOT,SHORT,201709151415,3817,201709211115,3847.8,2,-18480,2640,-32880,-216291,DT_EnterShort,DT_ExitShort,20054,20228
CFFEX.IF.HOT,SHORT,201709211410,3838.6,201709221500,3829.6,2,5400,15960,-2640,-210996,DT_EnterShort,DT_ExitShort,20245,20303
CFFEX.IF.HOT,LONG,201709261105,3817.2,201709261410,3811.8,2,-3240,1440,-4320,-214342,DT_EnterLong,DT_ExitLong,20370,20389
CFFEX.IF.HOT,SHORT,201709261415,3812.8,201709270950,3818,2,-3120,3840,-5040,-217567,DT_EnterShort,DT_ExitShort,20390,20403
CFFEX.IF.HOT,LONG,201709281420,3825.8,201710091450,3886.2,2,36240,64800,-960,-181434,DT_EnterLong,DT_ExitLong,20487,20589
CFFEX.IF.HOT,LONG,201710101435,3890.4,201710161340,3922.4,2,19200,32160,-1440,-162341,DT_EnterLong,DT_ExitLong,20634,20815
CFFEX.IF.HOT,LONG,201710171315,3924,201710171430,3916,2,-4800,1680,-5640,-167250,DT_EnterLong,DT_ExitLong,20858,20873
CFFEX.IF.HOT,SHORT,201710191335,3927.6,201710191405,3932.6,2,-3000,960,-3120,-170358,DT_EnterShort,DT_ExitShort,20958,20964
CFFEX.IF.HOT,SHORT,201710191450,3923.4,201710231345,3915.8,2,4560,10920,-120,-165906,DT_EnterShort,DT_ExitShort,20973,21056
CFFEX.IF.HOT,SHORT,201710271305,4002.2,201710271320,4001.4,2,480,1320,-2280,-165537,DT_EnterShort,DT_ExitShort,21240,21243
CFFEX.IF.HOT,SHORT,201710301015,3969.6,201710311405,3987.8,2,-10920,0,-17520,-176566,DT_EnterShort,DT_ExitShort,21272,21348
CFFEX.IF.HOT,LONG,201710311415,3985.6,201711011340,3983.8,2,-1080,22440,-3000,-177756,DT_EnterLong,DT_ExitLong,21350,21391
CFFEX.IF.HOT,LONG,201711030935,3985.6,201711081440,4043.6,2,34800,61800,-25560,-143067,DT_EnterLong,DT_ExitLong,21456,21643
CFFEX.IF.HOT,LONG,201711091425,4057,201711140940,4124.4,2,40440,50880,-2520,-102740,DT_EnterLong,DT_ExitLong,21688,21793
CFFEX.IF.HOT,LONG,201711161020,4090,201711200950,4095.8,2,3480,18240,-8400,-99373.1,DT_EnterLong,DT_ExitLong,21897,21987
CFFEX.IF.HOT,SHORT,201711200955,4089.4,201711201415,4116.6,2,-16320,9000,-15960,-115806,DT_EnterShort,DT_ExitShort,21988,22022
CFFEX.IF.HOT,SHORT,201711221410,4219.4,201711241440,4101,2,71040,91320,-9720,-44881.1,DT_EnterShort,DT_ExitShort,22117,22219
CFFEX.IF.HOT,SHORT,201711270950,4047.4,201711281415,4042.2,2,3120,19440,-12360,-41872.8,DT_EnterShort,DT_ExitShort,22227,22310
CFFEX.IF.HOT,SHORT,201711291030,4015.8,201711291425,4048.8,2,-19800,20880,-21000,-61784.1,DT_EnterShort,DT_ExitShort,22331,22360
CFFEX.IF.HOT,SHORT,201711301335,4015.4,201712011055,4008,2,4440,27600,-4440,-57454.8,DT_EnterShort,DT_ExitShort,22398,22432
CFFEX.IF.HOT,LONG,201712011100,4006.8,201712011120,3992.2,2,-8760,2520,-9480,-66325.2,DT_EnterLong,DT_ExitLong,22433,22437
CFFEX.IF.HOT,SHORT,201712011125,3992.8,201712041050,3995.2,2,-1440,14640,-11160,-67875.4,DT_EnterShort,DT_ExitShort,22438,22479
CFFEX.IF.HOT,SHORT,201712060950,4004.8,201712071000,3999.6,2,3120,35280,-6840,-64865.9,DT_EnterShort,DT_ExitShort,22563,22613
CFFEX.IF.HOT,LONG,201712071005,3995.6,201712071045,3978.4,2,-10320,120,-11640,-75295.9,DT_EnterLong,DT_ExitLong,22614,22622
CFFEX.IF.HOT,LONG,201712081030,3977,201712081115,3962.8,2,-8520,960,-11280,-83925.5,DT_EnterLong,DT_ExitLong,22667,22676
CFFEX.IF.HOT,LONG,201712081305,3982,201712121340,4043.6,2,36960,54000,-3720,-47076.2,DT_EnterLong,DT_ExitLong,22680,22783
CFFEX.IF.HOT,SHORT,201712121345,4043.2,201712131400,4040.4,2,1680,21120,-2040,-45507.8,DT_EnterShort,DT_ExitShort,22784,22835
CFFEX.IF.HOT,SHORT,201712141100,4020.8,201712181005,4007.2,2,8160,33480,-9120,-37458.6,DT_EnterShort,DT_ExitShort,22865,22950
CFFEX.IF.HOT,SHORT,201712181325,3980.8,201712190955,4000.8,2,-12000,5280,-14520,-49568.7,DT_EnterShort,DT_ExitShort,22972,22996
CFFEX.IF.HOT,LONG,201712191000,4010.2,201712201340,4032.8,2,13560,23760,-120,-36119.7,DT_EnterLong,DT_ExitLong,22997,23071
CFFEX.IF.HOT,LONG,201712211105,4055,201712271035,4045.2,2,-5880,28680,-13320,-42111.5,DT_EnterLong,DT_ExitLong,23106,23292
CFFEX.IF.HOT,SHORT,201712271040,4052.8,201801041315,4135.8,2,-49800,39240,-60600,-92024.5,DT_EnterShort,DT_ExitShort,23293,23546
CFFEX.IF.HOT,LONG,201801051110,4135.8,201801111050,4198.8,2,37800,47520,-3960,-54339.5,DT_EnterLong,DT_ExitLong,23587,23775
CFFEX.IF.HOT,LONG,201801111320,4202.2,201801121350,4206.6,2,2640,15360,-3240,-51815.5,DT_EnterLong,DT_ExitLong,23787,23841
CFFEX.IF.HOT,LONG,201801121435,4222.8,201801161445,4246.4,2,14160,25920,-3480,-37772.4,DT_EnterLong,DT_ExitLong,23850,23948
CFFEX.IF.HOT,SHORT,201801171315,4252.8,201801180955,4283,2,-18120,5160,-23400,-56010.2,DT_EnterShort,DT_ExitShort,23978,24004
CFFEX.IF.HOT,SHORT,201801181340,4262.6,201801241320,4400.8,2,-82920,3120,-89640,-139050,DT_EnterShort,DT_ExitShort,24031,24219
CFFEX.IF.HOT,SHORT,201801251005,4375.2,201801251415,4393.4,2,-10920,10200,-16560,-150091,DT_EnterShort,DT_ExitShort,24246,24278
CFFEX.IF.HOT,LONG,201801251420,4397.2,201801260940,4378,2,-11520,720,-16320,-161732,DT_EnterLong,DT_ExitLong,24279,24289
CFFEX.IF.HOT,SHORT,201801261000,4383.4,201801311310,4290,2,56040,82320,-25560,-105812,DT_EnterShort,DT_ExitShort,24293,24457
CFFEX.IF.HOT,SHORT,201801311410,4269.2,201801311500,4279.4,2,-6120,8520,-9840,-112050,DT_EnterShort,DT_ExitShort,24469,24479
CFFEX.IF.HOT,SHORT,201802011055,4255.6,201802021045,4258.2,2,-1560,38160,-7440,-113727,DT_EnterShort,DT_ExitShort,24496,24542
CFFEX.IF.HOT,SHORT,201802060950,4201.8,201802071005,4188,2,8280,53280,-3000,-105563,DT_EnterShort,DT_ExitShort,24627,24678
CFFEX.IF.HOT,SHORT,201802071110,4070.6,201802121005,3832,2,143160,228120,-30480,37488.2,DT_EnterShort,DT_ExitShort,24691,24822
CFFEX.IF.HOT,LONG,201802141335,3930.4,201802271045,4071.4,2,84600,116880,-3600,121978,DT_EnterLong,DT_ExitLong,24942,25118
CFFEX.IF.HOT,SHORT,201802281455,4010.6,201803011035,4031.4,2,-12480,22080,-15840,109387,DT_EnterShort,DT_ExitShort,25198,25212
CFFEX.IF.HOT,LONG,201803050945,4037.6,201803051035,4004.2,2,-20040,2640,-26280,89235.8,DT_EnterLong,DT_ExitLong,25298,25308
CFFEX.IF.HOT,LONG,201803060955,4014.4,201803151405,4078.4,2,38400,77760,-20640,127524,DT_EnterLong,DT_ExitLong,25348,25716
CFFEX.IF.HOT,LONG,201803151445,4086.6,201803161015,4079.8,2,-4080,6720,-6720,123331,DT_EnterLong,DT_ExitLong,25724,25736
CFFEX.IF.HOT,SHORT,201803161020,4083.8,201803161035,4087.6,2,-2280,1800,-3000,120939,DT_EnterShort,DT_ExitShort,25737,25740
CFFEX.IF.HOT,SHORT,201803161040,4081,201803191415,4051.2,2,17880,45480,-960,138706,DT_EnterShort,DT_ExitShort,25741,25814
CFFEX.IF.HOT,LONG,201803201350,4047.6,201803211430,4058.8,2,6720,30720,-840,145315,DT_EnterLong,DT_ExitLong,25857,25913
CFFEX.IF.HOT,SHORT,201803261310,3814.8,201804020955,3906.8,2,-55200,25200,-62400,90008,DT_EnterShort,DT_ExitShort,26041,26260
CFFEX.IF.HOT,SHORT,201804021345,3893.8,201804031455,3855.4,2,23040,41880,-2040,112941,DT_EnterShort,DT_ExitShort,26288,26350
CFFEX.IF.HOT,SHORT,201804041425,3859.2,201804091320,3862.8,2,-2160,22320,-8040,110674,DT_EnterShort,DT_ExitShort,26392,26427
CFFEX.IF.HOT,SHORT,201804091405,3843,201804101005,3853.8,2,-6480,7680,-13800,104088,DT_EnterShort,DT_ExitShort,26436,26454
CFFEX.IF.HOT,LONG,201804131025,3905.8,201804131030,3903,2,-1680,2040,-1800,102301,DT_EnterLong,DT_ExitLong,26602,26603
CFFEX.IF.HOT,LONG,201804181400,3762.2,201804231345,3733.8,2,-17040,40680,-23400,85157.1,DT_EnterLong,DT_ExitLong,26771,26912
CFFEX.IF.HOT,SHORT,201804231350,3732.6,201804240940,3784.2,2,-30960,12240,-32400,54093.3,DT_EnterShort,DT_ExitShort,26913,26929
CFFEX.IF.HOT,LONG,201804271425,3746.6,201805021320,3736.4,2,-6120,23280,-9360,47870.1,DT_EnterLong,DT_ExitLong,27112,27147
CFFEX.IF.HOT,LONG,201805030940,3749.4,201805031010,3738.4,2,-6600,9120,-12720,41166.7,DT_EnterLong,DT_ExitLong,27169,27175
CFFEX.IF.HOT,LONG,201805071020,3800.2,201805091355,3869.4,2,41520,55440,-4080,82580.9,DT_EnterLong,DT_ExitLong,27273,27394
CFFEX.IF.HOT,LONG,201805101340,3877.2,201805111435,3875.2,2,-1200,19440,-9000,81273.9,DT_EnterLong,DT_ExitLong,27439,27498
CFFEX.IF.HOT,LONG,201805140955,3899.6,201805151020,3905.8,2,3720,16200,-960,84886.2,DT_EnterLong,DT_ExitLong,27508,27561
CFFEX.IF.HOT,SHORT,201805161000,3883.6,201805181120,3855.6,2,16800,32160,-11880,101579,DT_EnterShort,DT_ExitShort,27605,27717
CFFEX.IF.HOT,SHORT,201805181345,3844,201805230935,3885.2,2,-24720,480,-60600,76752.7,DT_EnterShort,DT_ExitShort,27728,27840
CFFEX.IF.HOT,SHORT,201805230955,3873.6,201805281040,3818.2,2,33240,54000,-3240,109887,DT_EnterShort,DT_ExitShort,27844,27997
CFFEX.IF.HOT,LONG,201805290950,3820,201805291020,3808.8,2,-6720,2880,-8640,103061,DT_EnterLong,DT_ExitLong,28035,28041
CFFEX.IF.HOT,LONG,201805311020,3738.6,201806011120,3752.8,2,8520,29280,-10320,111478,DT_EnterLong,DT_ExitLong,28137,28197
CFFEX.IF.HOT,SHORT,201806011125,3755.4,201806040955,3794.8,2,-23640,15480,-24120,87733.7,DT_EnterShort,DT_ExitShort,28198,28228
CFFEX.IF.HOT,LONG,201806061350,3821,201806071345,3820.8,2,-120,20160,-4200,87508.3,DT_EnterLong,DT_ExitLong,28353,28400
CFFEX.IF.HOT,LONG,201806111040,3762,201806141050,3776.8,2,8880,43560,-6000,96284.2,DT_EnterLong,DT_ExitLong,28477,28623
CFFEX.IF.HOT,LONG,201806201345,3601.8,201806211320,3583,2,-11280,21720,-15600,84905.1,DT_EnterLong,DT_ExitLong,28784,28827
CFFEX.IF.HOT,LONG,201806221315,3565.6,201806221415,3549.4,2,-9720,6840,-16800,75086.9,DT_EnterLong,DT_ExitLong,28874,28886
CFFEX.IF.HOT,LONG,201806221440,3562.2,201806281355,3400,2,-97320,19680,-107880,-22329.2,DT_EnterLong,DT_ExitLong,28891,29074
CFFEX.IF.HOT,SHORT,201806281400,3402.2,201806291025,3422,2,-11880,19680,-15120,-34303.4,DT_EnterShort,DT_ExitShort,29075,29098
CFFEX.IF.HOT,SHORT,201807021040,3432.8,201807031400,3362.8,2,42000,93960,-7320,7602.85,DT_EnterShort,DT_ExitShort,29149,29219
CFFEX.IF.HOT,SHORT,201807041305,3335.2,201807051010,3339,2,-2280,11520,-19680,5230.74,DT_EnterShort,DT_ExitShort,29256,29287
CFFEX.IF.HOT,LONG,201807051050,3354.6,201807051305,3306,2,-29160,1200,-30240,-24021.2,DT_EnterLong,DT_ExitLong,29295,29304
CFFEX.IF.HOT,LONG,201807061320,3355.4,201807101330,3417.6,2,37320,58920,-23280,13205.4,DT_EnterLong,DT_ExitLong,29355,29453
CFFEX.IF.HOT,SHORT,201807101335,3413.2,201807131310,3486.2,2,-43800,41520,-50880,-30689.8,DT_EnterShort,DT_ExitShort,29454,29593
CFFEX.IF.HOT,LONG,201807131320,3485.4,201807131355,3475.6,2,-5880,0,-7920,-36665.9,DT_EnterLong,DT_ExitLong,29595,29602
CFFEX.IF.HOT,SHORT,201807131405,3474.6,201807131435,3485,2,-6240,2160,-8520,-43001.9,DT_EnterShort,DT_ExitShort,29604,29610
CFFEX.IF.HOT,LONG,201807131445,3476.6,201807161000,3463,2,-8160,18840,-10320,-51257.7,DT_EnterLong,DT_ExitLong,29612,29621
CFFEX.IF.HOT,LONG,201807180935,3458.8,201807181420,3425.2,2,-20160,14160,-21120,-71512.7,DT_EnterLong,DT_ExitLong,29712,29751
CFFEX.IF.HOT,LONG,201807191020,3443.4,201807191040,3449.4,2,3600,3720,-3240,-68007.8,DT_EnterLong,DT_ExitLong,29769,29773
CFFEX.IF.HOT,SHORT,201807191045,3451,201807201350,3467.6,2,-9960,46680,-10200,-78063.3,DT_EnterShort,DT_ExitShort,29774,29841
CFFEX.IF.HOT,SHORT,201807271340,3524,201807301005,3538,2,-8400,10560,-13680,-86560.7,DT_EnterShort,DT_ExitShort,30079,30102
CFFEX.IF.HOT,SHORT,201807301100,3509.8,201807311100,3516,2,-3720,13800,-6480,-90377.7,DT_EnterShort,DT_ExitShort,30113,30161
CFFEX.IF.HOT,SHORT,201807311335,3499.4,201808071100,3306.8,2,115560,155640,-31560,25088.4,DT_EnterShort,DT_ExitShort,30174,30401
CFFEX.IF.HOT,LONG,201808071105,3301.2,201808081120,3323.2,2,13200,37680,-120,38197,DT_EnterLong,DT_ExitLong,30402,30453
CFFEX.IF.HOT,SHORT,201808081125,3320.8,201808091015,3350.6,2,-17880,21000,-21360,20224.9,DT_EnterShort,DT_ExitShort,30454,30488
CFFEX.IF.HOT,SHORT,201808101115,3390.8,201808101500,3396.2,2,-3240,13200,-7560,16891.2,DT_EnterShort,DT_ExitShort,30548,30575
CFFEX.IF.HOT,SHORT,201808130945,3369.4,201808131425,3376.6,2,-4320,28680,-9360,12478.1,DT_EnterShort,DT_ExitShort,30578,30616
CFFEX.IF.HOT,LONG,201808131430,3380.4,201808141310,3357.2,2,-13920,12720,-20160,-1534.86,DT_EnterLong,DT_ExitLong,30617,30649
CFFEX.IF.HOT,LONG,201808161330,3285.2,201808161450,3254.8,2,-18240,10920,-23880,-19865.1,DT_EnterLong,DT_ExitLong,30749,30765
CFFEX.IF.HOT,LONG,201808171000,3273.2,201808171030,3260.6,2,-7560,2640,-8640,-27515.3,DT_EnterLong,DT_ExitLong,30773,30779
CFFEX.IF.HOT,SHORT,201808221000,3281.6,201808230940,3317.8,2,-21720,600,-26640,-49326.4,DT_EnterShort,DT_ExitShort,30917,30961
CFFEX.IF.HOT,LONG,201808231400,3319.6,201808240950,3283.6,2,-21600,8400,-23400,-71017.5,DT_EnterLong,DT_ExitLong,30995,31011
CFFEX.IF.HOT,SHORT,201808241000,3279.4,201808241305,3290,2,-6360,2400,-17760,-77468.1,DT_EnterShort,DT_ExitShort,31013,31032
CFFEX.IF.HOT,SHORT,201808301035,3363.4,201808311315,3334.8,2,17160,39840,-2760,-60400.6,DT_EnterShort,DT_ExitShort,31212,31274
CFFEX.IF.HOT,LONG,201808311320,3336,201808311415,3319.4,2,-9960,10200,-10680,-70452.4,DT_EnterLong,DT_ExitLong,31275,31286
CFFEX.IF.HOT,SHORT,201808311420,3321.8,201809031445,3314.4,2,4440,27480,-11520,-66104,DT_EnterShort,DT_ExitShort,31287,31340
CFFEX.IF.HOT,SHORT,201809051130,3318.8,201809071005,3308.4,2,6240,46440,-6120,-59955.5,DT_EnterShort,DT_ExitShort,31415,31494
CFFEX.IF.HOT,LONG,201809071010,3308.6,201809071130,3256.4,2,-31320,2760,-31200,-91366.1,DT_EnterLong,DT_ExitLong,31495,31511
CFFEX.IF.HOT,LONG,201809111315,3231.4,201809111355,3221.2,2,-6120,1320,-7080,-97575.1,DT_EnterLong,DT_ExitLong,31610,31618
CFFEX.IF.HOT,SHORT,201809111400,3219,201809130945,3240.2,2,-12720,16800,-22080,-110384,DT_EnterShort,DT_ExitShort,31619,31682
CFFEX.IF.HOT,SHORT,201809131110,3205.2,201809131415,3229.2,2,-14400,6480,-16680,-124873,DT_EnterShort,DT_ExitShort,31699,31718
CFFEX.IF.HOT,SHORT,201809170945,3215.2,201809181010,3230.6,2,-9240,10920,-10560,-134202,DT_EnterShort,DT_ExitShort,31778,31831
CFFEX.IF.HOT,SHORT,201809211030,3316.2,201810101005,3312.8,2,2040,23280,-86040,-132253,DT_EnterShort,DT_ExitShort,31979,32310
CFFEX.IF.HOT,LONG,201810101010,3318.8,201810101100,3275.8,2,-25800,1440,-29040,-158144,DT_EnterLong,DT_ExitLong,32311,32321
CFFEX.IF.HOT,LONG,201810101410,3300.4,201810101420,3285.4,2,-9000,840,-9720,-167235,DT_EnterLong,DT_ExitLong,32341,32343
CFFEX.IF.HOT,SHORT,201810101425,3283,201810161025,3155.8,2,76320,114120,-8280,-91004.2,DT_EnterShort,DT_ExitShort,32344,32506
CFFEX.IF.HOT,SHORT,201810161105,3128.6,201810171430,3125.6,2,1800,36360,-18840,-89290.5,DT_EnterShort,DT_ExitShort,32514,32585
CFFEX.IF.HOT,SHORT,201810180945,3083.8,201810191115,3072.8,2,6600,35160,-14400,-82775.5,DT_EnterShort,DT_ExitShort,32594,32660
CFFEX.IF.HOT,SHORT,201810231020,3261.4,201810241125,3242.8,2,11160,60120,-720,-71705.2,DT_EnterShort,DT_ExitShort,32745,32806
CFFEX.IF.HOT,SHORT,201810241425,3190.2,201810301110,3129.6,2,36360,81240,-24960,-35432.4,DT_EnterShort,DT_ExitShort,32824,32995
CFFEX.IF.HOT,SHORT,201811011430,3176.6,201811020955,3247,2,-42240,3480,-64200,-77761.1,DT_EnterShort,DT_ExitShort,33113,33124
CFFEX.IF.HOT,LONG,201811021000,3248.4,201811051110,3253.6,2,3120,35640,-12480,-74730.8,DT_EnterLong,DT_ExitLong,33125,33187
CFFEX.IF.HOT,LONG,201811060945,3251.8,201811071405,3221.8,2,-18000,17280,-23760,-92820.2,DT_EnterLong,DT_ExitLong,33218,33300
CFFEX.IF.HOT,LONG,201811081130,3245.2,201811081330,3227.6,2,-10560,4560,-12720,-103469,DT_EnterLong,DT_ExitLong,33335,33341
CFFEX.IF.HOT,SHORT,201811081335,3226.8,201811121105,3190.8,2,21600,40080,-4080,-81958,DT_EnterShort,DT_ExitShort,33342,33426
CFFEX.IF.HOT,SHORT,201811131015,3193.2,201811131310,3223.2,2,-18000,9960,-28080,-100047,DT_EnterShort,DT_ExitShort,33464,33481
CFFEX.IF.HOT,LONG,201811151045,3234,201811221005,3207.6,2,-15840,37920,-25920,-115975,DT_EnterLong,DT_ExitLong,33566,33798
CFFEX.IF.HOT,SHORT,201811221010,3208.4,201811261320,3153.2,2,33120,46680,-9840,-82943.3,DT_EnterShort,DT_ExitShort,33799,33915
CFFEX.IF.HOT,LONG,201811261325,3146.4,201811261350,3137.2,2,-5520,840,-6120,-88550,DT_EnterLong,DT_ExitLong,33916,33921
CFFEX.IF.HOT,LONG,201811271050,3145.6,201811271120,3138.4,2,-4320,1800,-6960,-92956.7,DT_EnterLong,DT_ExitLong,33951,33957
CFFEX.IF.HOT,SHORT,201811271125,3138.6,201811271320,3146.2,2,-4560,120,-6240,-97603.4,DT_EnterShort,DT_ExitShort,33958,33963
CFFEX.IF.HOT,SHORT,201811271405,3126.6,201811281050,3159.4,2,-19680,8400,-22920,-117370,DT_EnterShort,DT_ExitShort,33972,33999
CFFEX.IF.HOT,SHORT,201811291330,3158.4,201812041445,3268,2,-65760,16920,-76920,-183219,DT_EnterShort,DT_ExitShort,34061,34220
CFFEX.IF.HOT,SHORT,201812051005,3253.2,201812051105,3266.6,2,-8040,3480,-9240,-191349,DT_EnterShort,DT_ExitShort,34230,34242
CFFEX.IF.HOT,SHORT,201812051355,3256.6,201812120935,3180.4,2,45720,72120,-5640,-145718,DT_EnterShort,DT_ExitShort,34258,34464
CFFEX.IF.HOT,LONG,201812180935,3151.4,201812181040,3152,2,360,14760,-2040,-145445,DT_EnterLong,DT_ExitLong,34656,34669
CFFEX.IF.HOT,LONG,201812241010,3034.6,201812261335,2995.6,2,-23400,6240,-48480,-168928,DT_EnterLong,DT_ExitLong,34855,34974
CFFEX.IF.HOT,LONG,201812270940,3038.4,201812271355,3006.8,2,-18960,1560,-21120,-187971,DT_EnterLong,DT_ExitLong,34993,35026
CFFEX.IF.HOT,LONG,201901031005,2984,201901031125,2958.8,2,-15120,13200,-17280,-203173,DT_EnterLong,DT_ExitLong,35142,35158
CFFEX.IF.HOT,LONG,201901081330,3051.8,201901091500,3075.8,2,14400,44280,-6000,-188858,DT_EnterLong,DT_ExitLong,35309,35375
CFFEX.IF.HOT,SHORT,201901101455,3072.6,201901110955,3100.4,2,-16680,600,-18480,-205623,DT_EnterShort,DT_ExitShort,35422,35428
CFFEX.IF.HOT,SHORT,201901111055,3073,201901161400,3126,2,-31800,10200,-37200,-237509,DT_EnterShort,DT_ExitShort,35440,35603
CFFEX.IF.HOT,LONG,201901161425,3129.8,201901171450,3114.4,2,-9240,10800,-11400,-246835,DT_EnterLong,DT_ExitLong,35608,35661
CFFEX.IF.HOT,LONG,201901180955,3150.6,201901211430,3182.2,2,18960,34200,-12120,-227962,DT_EnterLong,DT_ExitLong,35668,35753
CFFEX.IF.HOT,SHORT,201901220940,3178.6,201901241115,3166.8,2,7080,33480,-960,-220970,DT_EnterShort,DT_ExitShort,35761,35876
CFFEX.IF.HOT,LONG,201901291335,3198.4,201901301345,3184.6,2,-8280,8280,-12000,-229338,DT_EnterLong,DT_ExitLong,36030,36080
CFFEX.IF.HOT,LONG,201901311015,3194.2,201901311420,3190,2,-2520,18000,-4560,-231946,DT_EnterLong,DT_ExitLong,36104,36135
CFFEX.IF.HOT,LONG,201902010935,3231.4,201902151000,3398.2,2,100080,117960,-14160,-131957,DT_EnterLong,DT_ExitLong,36144,36389
CFFEX.IF.HOT,SHORT,201902151005,3394.6,201902181005,3398.6,2,-2400,28920,-12840,-134451,DT_EnterShort,DT_ExitShort,36390,36438
CFFEX.IF.HOT,LONG,201902201015,3454.2,201902201335,3434.8,2,-11640,7680,-13920,-146186,DT_EnterLong,DT_ExitLong,36536,36558
CFFEX.IF.HOT,LONG,201902201440,3453.6,201902211440,3448.2,2,-3240,29880,-11760,-149521,DT_EnterLong,DT_ExitLong,36571,36619
CFFEX.IF.HOT,LONG,201902221345,3479.6,201903041450,3783.8,2,182520,248040,-5160,32898.3,DT_EnterLong,DT_ExitLong,36656,36957
CFFEX.IF.HOT,LONG,201903051415,3806.6,201903061420,3796.4,2,-6120,28440,-13320,26673.4,DT_EnterLong,DT_ExitLong,36998,37047
CFFEX.IF.HOT,LONG,201903061500,3854.6,201903071040,3800.8,2,-32280,0,-33120,-5712.28,DT_EnterLong,DT_ExitLong,37055,37069
CFFEX.IF.HOT,LONG,201903071440,3835.4,201903080940,3723.8,2,-66960,10920,-75960,-72776.6,DT_EnterLong,DT_ExitLong,37099,37105
CFFEX.IF.HOT,SHORT,201903080945,3740.4,201903131410,3741.8,2,-840,46680,-40560,-73719.9,DT_EnterShort,DT_ExitShort,37106,37285
CFFEX.IF.HOT,LONG,201903141010,3736.6,201903141115,3730.8,2,-3480,5640,-11640,-77302.9,DT_EnterLong,DT_ExitLong,37303,37316
CFFEX.IF.HOT,LONG,201903151010,3756.8,201903151415,3736.4,2,-12240,26400,-19920,-89646.3,DT_EnterLong,DT_ExitLong,37351,37382
CFFEX.IF.HOT,SHORT,201903151420,3728.6,201903180945,3750.8,2,-13320,2.72848e-10,-21720,-103070,DT_EnterShort,DT_ExitShort,37383,37394
CFFEX.IF.HOT,LONG,201903181000,3777,201903201305,3797,2,12000,60360,-9600,-91174,DT_EnterLong,DT_ExitLong,37397,37512
CFFEX.IF.HOT,LONG,201903201450,3839,201903250945,3777,2,-37200,18480,-38400,-128479,DT_EnterLong,DT_ExitLong,37533,37634
CFFEX.IF.HOT,LONG,201903271035,3732.8,201903281405,3725.6,2,-4320,10080,-17880,-132902,DT_EnterLong,DT_ExitLong,37740,37812
CFFEX.IF.HOT,SHORT,201904081320,4050.8,201904091100,4079.8,2,-17400,19560,-18960,-150414,DT_EnterShort,DT_ExitShort,38091,38129
CFFEX.IF.HOT,LONG,201904101315,4071.2,201904151405,4008.8,2,-37440,33480,-61320,-187966,DT_EnterLong,DT_ExitLong,38186,38340
CFFEX.IF.HOT,LONG,201904161310,4040.2,201904180945,4077.6,2,22440,42720,-2760,-165638,DT_EnterLong,DT_ExitLong,38377,38450
CFFEX.IF.HOT,SHORT,201904181005,4069.8,201904181110,4082.2,2,-7440,6840,-13200,-173190,DT_EnterShort,DT_ExitShort,38454,38467
CFFEX.IF.HOT,LONG,201904190955,4097,201904191050,4057.4,2,-23760,26160,-28080,-197063,DT_EnterLong,DT_ExitLong,38500,38511
CFFEX.IF.HOT,LONG,201904191335,4088.8,201904221055,4081.4,2,-4440,27360,-15960,-201616,DT_EnterLong,DT_ExitLong,38526,38560
CFFEX.IF.HOT,SHORT,201904221100,4066.4,201904241020,4034,2,19440,43680,-9840,-182287,DT_EnterShort,DT_ExitShort,38561,38649
CFFEX.IF.HOT,LONG,201904241405,4033.4,201904250950,4004.6,2,-17280,3480,-18600,-199678,DT_EnterLong,DT_ExitLong,38676,38691
CFFEX.IF.HOT,LONG,201904291125,3927.8,201904300945,3922.8,2,-3000,21000,-16080,-202787,DT_EnterLong,DT_ExitLong,38806,38834
CFFEX.IF.HOT,LONG,201905071010,3720.8,201905071400,3685,2,-21480,8280,-22200,-224369,DT_EnterLong,DT_ExitLong,38935,38963
CFFEX.IF.HOT,SHORT,201905071410,3691.4,201905071445,3734,2,-25560,9240,-31200,-250031,DT_EnterShort,DT_ExitShort,38965,38972
CFFEX.IF.HOT,SHORT,201905080950,3672.8,201905081120,3701.8,2,-17400,5280,-24960,-267533,DT_EnterShort,DT_ExitShort,38979,38997
CFFEX.IF.HOT,SHORT,201905081355,3691.2,201905100955,3716.4,2,-15120,71400,-15360,-282755,DT_EnterShort,DT_ExitShort,39010,39076
CFFEX.IF.HOT,SHORT,201905131015,3678.8,201905141040,3675,2,2280,31560,-4560,-280577,DT_EnterShort,DT_ExitShort,39128,39181
CFFEX.IF.HOT,SHORT,201905141125,3652.4,201905141325,3681.2,2,-17280,2040,-18480,-297958,DT_EnterShort,DT_ExitShort,39190,39196
CFFEX.IF.HOT,SHORT,201905141445,3650.2,201905150955,3685.2,2,-21000,7800,-20880,-319059,DT_EnterShort,DT_ExitShort,39212,39220
CFFEX.IF.HOT,LONG,201905151000,3690.8,201905161005,3672.8,2,-10800,32280,-14520,-329961,DT_EnterLong,DT_ExitLong,39221,39270
CFFEX.IF.HOT,SHORT,201905161010,3668.4,201905210945,3607.2,2,36720,70320,-28200,-293341,DT_EnterShort,DT_ExitShort,39271,39410
CFFEX.IF.HOT,LONG,201905240950,3597.2,201905241055,3564.8,2,-19440,1320,-21360,-312880,DT_EnterLong,DT_ExitLong,39555,39568
CFFEX.IF.HOT,SHORT,201905241120,3567.8,201905241125,3570.2,2,-1440,1440,-3240,-314419,DT_EnterShort,DT_ExitShort,39573,39574
CFFEX.IF.HOT,SHORT,201905300955,3595.6,201906031010,3625.2,2,-17760,16560,-39600,-332278,DT_EnterShort,DT_ExitShort,39748,39847
CFFEX.IF.HOT,LONG,201906031015,3626.6,201906031045,3600,2,-15960,1560,-19560,-348338,DT_EnterLong,DT_ExitLong,39848,39854
CFFEX.IF.HOT,LONG,201906031350,3626.6,201906051450,3579.8,2,-28080,2040,-36600,-376517,DT_EnterLong,DT_ExitLong,39873,39981
CFFEX.IF.HOT,LONG,201906101020,3588.2,201906121055,3674.4,2,51720,77760,-4920,-324898,DT_EnterLong,DT_ExitLong,40041,40144
CFFEX.IF.HOT,SHORT,201906141125,3662.8,201906171020,3670.2,2,-4440,17880,-10320,-329439,DT_EnterShort,DT_ExitShort,40246,40281
CFFEX.IF.HOT,SHORT,201906171055,3648.8,201906171430,3651.8,2,-1800,8160,-9240,-331340,DT_EnterShort,DT_ExitShort,40288,40313
CFFEX.IF.HOT,SHORT,201906171445,3643,201906181425,3655.2,2,-7320,9720,-18480,-338760,DT_EnterShort,DT_ExitShort,40316,40360
CFFEX.IF.HOT,SHORT,201906200935,3720.8,201906201020,3760.2,2,-23640,840,-26160,-362503,DT_EnterShort,DT_ExitShort,40416,40425
CFFEX.IF.HOT,LONG,201906241050,3822,201906241340,3806.4,2,-9360,3840,-10800,-371969,DT_EnterLong,DT_ExitLong,40527,40543
CFFEX.IF.HOT,LONG,201906261430,3774.2,201906271440,3799,2,14880,39240,-3960,-357193,DT_EnterLong,DT_ExitLong,40649,40699
CFFEX.IF.HOT,SHORT,201906280940,3799.8,201906281445,3811.8,2,-7200,11280,-8640,-364498,DT_EnterShort,DT_ExitShort,40705,40748
CFFEX.IF.HOT,LONG,201907021000,3912,201907021345,3904.4,2,-4560,1800,-6000,-369166,DT_EnterLong,DT_ExitLong,40805,40832
CFFEX.IF.HOT,SHORT,201907021350,3903.8,201907051100,3867.4,2,21840,42840,-9240,-347433,DT_EnterShort,DT_ExitShort,40833,40961
CFFEX.IF.HOT,SHORT,201907080950,3822.4,201907100955,3779.6,2,25680,45120,-1560,-321858,DT_EnterShort,DT_ExitShort,40995,41092
CFFEX.IF.HOT,SHORT,201907101030,3768.2,201907101100,3780.2,2,-7200,1680,-8160,-329162,DT_EnterShort,DT_ExitShort,41099,41105
CFFEX.IF.HOT,LONG,201907110955,3809.2,201907111340,3773.2,2,-21600,7920,-22920,-350867,DT_EnterLong,DT_ExitLong,41140,41167
CFFEX.IF.HOT,LONG,201907121020,3801.8,201907150945,3742.6,2,-35520,9480,-39480,-386491,DT_EnterLong,DT_ExitLong,41193,41234
CFFEX.IF.HOT,LONG,201907151115,3812.4,201907161045,3803.4,2,-5400,21360,-7200,-391996,DT_EnterLong,DT_ExitLong,41252,41294
CFFEX.IF.HOT,LONG,201907171020,3813.8,201907171110,3799.6,2,-8520,2520,-10800,-400621,DT_EnterLong,DT_ExitLong,41337,41347
CFFEX.IF.HOT,SHORT,201907171435,3798.4,201907190955,3797.6,2,480,17640,-3480,-400246,DT_EnterShort,DT_ExitShort,41370,41428
CFFEX.IF.HOT,SHORT,201907191410,3795.4,201907251055,3828.2,2,-19680,27240,-29040,-420031,DT_EnterShort,DT_ExitShort,41461,41632
CFFEX.IF.HOT,SHORT,201907291025,3835.4,201907300935,3853,2,-10560,4800,-6120,-430698,DT_EnterShort,DT_ExitShort,41722,41760
CFFEX.IF.HOT,SHORT,201907310935,3847.8,201908081005,3648,2,119880,165000,-360,-310921,DT_EnterShort,DT_ExitShort,41808,42102
CFFEX.IF.HOT,SHORT,201908091115,3620,201908121010,3641.8,2,-13080,9960,-16080,-324101,DT_EnterShort,DT_ExitShort,42164,42199
CFFEX.IF.HOT,SHORT,201908131050,3646.4,201908140945,3703.6,2,-34320,5760,-36240,-358523,DT_EnterShort,DT_ExitShort,42255,42290
CFFEX.IF.HOT,SHORT,201908150935,3606.8,201908151420,3661.4,2,-32760,3480,-34560,-391383,DT_EnterShort,DT_ExitShort,42336,42375
CFFEX.IF.HOT,SHORT,201908201420,3772.2,201908211345,3779,2,-4080,3960,-6360,-395567,DT_EnterShort,DT_ExitShort,42519,42560
CFFEX.IF.HOT,LONG,201908220940,3784.4,201908221000,3769.4,2,-9000,240,-10680,-404671,DT_EnterLong,DT_ExitLong,42577,42581
CFFEX.IF.HOT,LONG,201908281425,3806,201908301420,3775.6,2,-18240,14160,-28320,-423016,DT_EnterLong,DT_ExitLong,42808,42903
CFFEX.IF.HOT,LONG,201909021005,3813.6,201909061415,3932.8,2,71520,100200,-120,-351603,DT_EnterLong,DT_ExitLong,42918,43142
CFFEX.IF.HOT,LONG,201909061445,3942,201909111025,3943.8,2,1080,25080,-3000,-350632,DT_EnterLong,DT_ExitLong,43148,43258
CFFEX.IF.HOT,LONG,201909121000,3950.4,201909190935,3916.4,2,-20400,22320,-44880,-371140,DT_EnterLong,DT_ExitLong,43301,43488
CFFEX.IF.HOT,LONG,201909191110,3914,201909191325,3905.6,2,-5040,1080,-6840,-376288,DT_EnterLong,DT_ExitLong,43507,43516
CFFEX.IF.HOT,LONG,201909191425,3915,201909241450,3896.2,2,-11280,14400,-28440,-387676,DT_EnterLong,DT_ExitLong,43528,43677
CFFEX.IF.HOT,SHORT,201909261045,3875,201910081055,3840.8,2,20520,49440,-2640,-367262,DT_EnterShort,DT_ExitShort,43742,43888
CFFEX.IF.HOT,LONG,201910091415,3833.4,201910141500,3947.4,2,68400,93120,-7560,-298970,DT_EnterLong,DT_ExitLong,43958,44111
CFFEX.IF.HOT,LONG,201910160940,3955.6,201910161130,3917.8,2,-22680,7680,-23400,-321759,DT_EnterLong,DT_ExitLong,44161,44183
CFFEX.IF.HOT,LONG,201910171035,3928.8,201910171355,3930.6,2,1080,5280,-4080,-320787,DT_EnterLong,DT_ExitLong,44220,44242
CFFEX.IF.HOT,SHORT,201910171425,3920,201910181010,3931.6,2,-6960,4200,-13800,-327855,DT_EnterShort,DT_ExitShort,44248,44263
CFFEX.IF.HOT,LONG,201910181015,3930.4,201910211400,3857.2,2,-43920,4080,-52080,-371883,DT_EnterLong,DT_ExitLong,44264,44339
CFFEX.IF.HOT,SHORT,201910211405,3856,201910220940,3874.4,2,-11040,4080,-16800,-383029,DT_EnterShort,DT_ExitShort,44340,44353
CFFEX.IF.HOT,SHORT,201910221055,3864,201910221430,3873.2,2,-5520,6960,-5760,-388656,DT_EnterShort,DT_ExitShort,44368,44393
CFFEX.IF.HOT,LONG,201910221435,3886.2,201910231315,3867.2,2,-11400,3720,-14760,-400163,DT_EnterLong,DT_ExitLong,44394,44426
CFFEX.IF.HOT,LONG,201910231340,3872.4,201910231410,3867.4,2,-3000,360,-6960,-403270,DT_EnterLong,DT_ExitLong,44431,44437
CFFEX.IF.HOT,LONG,201910241025,3880,201910241115,3855.8,2,-14520,2880,-15600,-417897,DT_EnterLong,DT_ExitLong,44458,44468
CFFEX.IF.HOT,LONG,201910241440,3865.6,201910291310,3916.2,2,30360,38640,-17040,-387644,DT_EnterLong,DT_ExitLong,44491,44617
CFFEX.IF.HOT,LONG,201910310955,3896,201911050945,3971.2,2,45120,52080,-18600,-342633,DT_EnterLong,DT_ExitLong,44692,44834
CFFEX.IF.HOT,LONG,201911051005,3976.6,201911071305,3971.4,2,-3120,37920,-4320,-345862,DT_EnterLong,DT_ExitLong,44838,44952
CFFEX.IF.HOT,LONG,201911071430,3993.6,201911081355,3982.2,2,-6840,16920,-10080,-352813,DT_EnterLong,DT_ExitLong,44969,45010
CFFEX.IF.HOT,SHORT,201911131345,3888.8,201911131500,3899.4,2,-6360,2160,-8160,-359280,DT_EnterShort,DT_ExitShort,45152,45167
CFFEX.IF.HOT,SHORT,201911150945,3894.8,201911151120,3902,2,-4320,14160,-12120,-363708,DT_EnterShort,DT_ExitShort,45218,45237
CFFEX.IF.HOT,SHORT,201911151335,3891.6,201911181125,3904.8,2,-7920,14760,-9600,-371735,DT_EnterShort,DT_ExitShort,45246,45286
CFFEX.IF.HOT,SHORT,201911201030,3934.8,201912021000,3852.4,2,49440,76080,-3600,-322403,DT_EnterShort,DT_ExitShort,45371,45749
CFFEX.IF.HOT,LONG,201912031320,3841,201912041340,3841.2,2,120,10200,-7080,-322389,DT_EnterLong,DT_ExitLong,45819,45871
CFFEX.IF.HOT,SHORT,201912041420,3840.8,201912041430,3847.6,2,-4080,960,-4080,-326575,DT_EnterShort,DT_ExitShort,45879,45881
CFFEX.IF.HOT,LONG,201912041435,3845.8,201912091400,3897,2,30720,43200,-960,-295962,DT_EnterLong,DT_ExitLong,45882,46019
CFFEX.IF.HOT,SHORT,201912091405,3894.8,201912101330,3900.4,2,-3360,4080,-6120,-299429,DT_EnterShort,DT_ExitShort,46020,46061
CFFEX.IF.HOT,SHORT,201912111025,3893.8,201912111330,3901.4,2,-4560,840,-8280,-304097,DT_EnterShort,DT_ExitShort,46090,46109
CFFEX.IF.HOT,SHORT,201912121310,3903.2,201912130945,3940,2,-22080,5520,-25200,-326285,DT_EnterShort,DT_ExitShort,46153,46178
CFFEX.IF.HOT,LONG,201912191455,4031.2,201912201430,4041.8,2,6360,22560,-2400,-320036,DT_EnterLong,DT_ExitLong,46414,46457
CFFEX.IF.HOT,SHORT,201912201445,4043,201912260945,4019.6,2,14040,42240,-6000,-306108,DT_EnterShort,DT_ExitShort,46460,46610
CFFEX.IF.HOT,LONG,201912260950,4015.6,201912271435,4040.8,2,15120,40440,-7080,-291099,DT_EnterLong,DT_ExitLong,46611,46698
CFFEX.IF.HOT,LONG,201912301125,4075.2,202001061410,4149.4,2,44520,69240,-1560,-246692,DT_EnterLong,DT_ExitLong,46726,46933
CFFEX.IF.HOT,LONG,202001071025,4162.2,202001071100,4145.4,2,-10080,1920,-13200,-256887,DT_EnterLong,DT_ExitLong,46954,46961
CFFEX.IF.HOT,LONG,202001071335,4159.2,202001080945,4145,2,-8520,4440,-15600,-265522,DT_EnterLong,DT_ExitLong,46974,46994
CFFEX.IF.HOT,LONG,202001081305,4145.6,202001131005,4156.4,2,6480,25800,-24240,-259156,DT_EnterLong,DT_ExitLong,47016,47142
CFFEX.IF.HOT,SHORT,202001131010,4154,202001131050,4167.4,2,-8040,480,-8640,-267311,DT_EnterShort,DT_ExitShort,47143,47151
CFFEX.IF.HOT,SHORT,202001141415,4198.4,202001170955,4171.2,2,16320,33840,-3960,-251106,DT_EnterShort,DT_ExitShort,47222,47332
CFFEX.IF.HOT,SHORT,202001171335,4159,202001171430,4174.4,2,-9240,1200,-9720,-260461,DT_EnterShort,DT_ExitShort,47358,47369
CFFEX.IF.HOT,SHORT,202001200955,4174.8,202001201010,4187.6,2,-7680,840,-8520,-268257,DT_EnterShort,DT_ExitShort,47380,47383
CFFEX.IF.HOT,LONG,202001201020,4179.6,202001210955,4154.6,2,-15000,15960,-16080,-283372,DT_EnterLong,DT_ExitLong,47385,47428
CFFEX.IF.HOT,LONG,202001221330,4126,202001231015,4100.8,2,-15120,17400,-30000,-298605,DT_EnterLong,DT_ExitLong,47501,47528
CFFEX.IF.HOT,LONG,202002041005,3745.8,202002051410,3796.8,2,30600,62280,-23760,-268110,DT_EnterLong,DT_ExitLong,47622,47701
CFFEX.IF.HOT,LONG,202002071435,3881,202002120950,3934.4,2,32040,45000,-15120,-236177,DT_EnterLong,DT_ExitLong,47802,47907
CFFEX.IF.HOT,LONG,202002121050,3937.4,202002131315,3939.8,2,1440,29640,-3840,-234846,DT_EnterLong,DT_ExitLong,47919,47978
CFFEX.IF.HOT,LONG,202002141005,3973,202002181110,4035.8,2,37680,66120,-9840,-197277,DT_EnterLong,DT_ExitLong,48006,48115
CFFEX.IF.HOT,LONG,202002190955,4065.2,202002191425,4043.6,2,-12960,10320,-15960,-210349,DT_EnterLong,DT_ExitLong,48148,48184
CFFEX.IF.HOT,LONG,202002201000,4082.2,202002201055,4064,2,-10920,120,-18600,-221381,DT_EnterLong,DT_ExitLong,48197,48208
CFFEX.IF.HOT,LONG,202002201115,4076,202002240950,4125.4,2,29640,69960,-2640,-191854,DT_EnterLong,DT_ExitLong,48212,48291
CFFEX.IF.HOT,SHORT,202002241500,4122.4,202002251445,4120.4,2,1200,57960,-3360,-190768,DT_EnterShort,DT_ExitShort,48335,48380
CFFEX.IF.HOT,SHORT,202002261005,4070.4,202002261050,4104.8,2,-20640,9120,-24000,-211521,DT_EnterShort,DT_ExitShort,48390,48399
CFFEX.IF.HOT,SHORT,202002261415,4087.6,202002271010,4087.2,2,240,15000,-12000,-211393,DT_EnterShort,DT_ExitShort,48422,48439
CFFEX.IF.HOT,SHORT,202002271405,4082,202003021015,3988,2,56400,104400,-4680,-155105,DT_EnterShort,DT_ExitShort,48468,48536
CFFEX.IF.HOT,SHORT,202003031355,4081.6,202003041445,4088.2,2,-3960,15840,-12960,-159178,DT_EnterShort,DT_ExitShort,48610,48668
CFFEX.IF.HOT,SHORT,202003061015,4146,202003101305,4055.2,2,54480,117840,-3120,-104811,DT_EnterShort,DT_ExitShort,48728,48840
CFFEX.IF.HOT,SHORT,202003111310,4044,202003131345,3912.6,2,78840,196800,-1680,-26080.6,DT_EnterShort,DT_ExitShort,48889,48992
CFFEX.IF.HOT,SHORT,202003161020,3816.8,202003180950,3734.4,2,49440,125160,-12720,23255.2,DT_EnterShort,DT_ExitShort,49017,49107
CFFEX.IF.HOT,LONG,202003180955,3755.4,202003300935,3641.8,2,-68160,6120,-167040,-45006.8,DT_EnterLong,DT_ExitLong,49108,49488
CFFEX.IF.HOT,LONG,202003301405,3670.6,202003301450,3643.6,2,-16200,0,-16920,-61307.8,DT_EnterLong,DT_ExitLong,49524,49533
CFFEX.IF.HOT,SHORT,202003311325,3663.2,202004011015,3697,2,-20280,7200,-21960,-81689.3,DT_EnterShort,DT_ExitShort,49564,49592
CFFEX.IF.HOT,SHORT,202004011355,3664.2,202004070945,3768.2,2,-62400,16800,-69240,-144192,DT_EnterShort,DT_ExitShort,49618,49730
CFFEX.IF.HOT,SHORT,202004080950,3763,202004090950,3782.6,2,-11760,8160,-13920,-156056,DT_EnterShort,DT_ExitShort,49779,49827
CFFEX.IF.HOT,LONG,202004101030,3809,202004101325,3770,2,-23400,840,-24840,-179561,DT_EnterLong,DT_ExitLong,49883,49900
CFFEX.IF.HOT,SHORT,202004151405,3801,202004161405,3797.8,2,1920,15600,-2520,-177745,DT_EnterShort,DT_ExitShort,50052,50100
CFFEX.IF.HOT,SHORT,202004171440,3804.2,202004281110,3813,2,-5280,45120,-14880,-183131,DT_EnterShort,DT_ExitShort,50155,50467
CFFEX.IF.HOT,SHORT,202004291415,3826.8,202005061330,3889.4,2,-37560,240,-51000,-220797,DT_EnterShort,DT_ExitShort,50534,50621
CFFEX.IF.HOT,SHORT,202005071340,3899.6,202005071430,3912.2,2,-7560,0,-9600,-228465,DT_EnterShort,DT_ExitShort,50671,50681
CFFEX.IF.HOT,LONG,202005071435,3913.8,202005111325,3952.4,2,23160,48120,-5160,-205413,DT_EnterLong,DT_ExitLong,50682,50764
CFFEX.IF.HOT,LONG,202005121415,3947.6,202005140955,3884.4,2,-37920,11040,-40440,-243442,DT_EnterLong,DT_ExitLong,50822,50884
CFFEX.IF.HOT,SHORT,202005151035,3876.4,202005280955,3842.2,2,20520,64680,-32640,-223028,DT_EnterShort,DT_ExitShort,50940,51364
CFFEX.IF.HOT,LONG,202005281450,3812.4,202006031440,3958.8,2,87840,111240,-13080,-135295,DT_EnterLong,DT_ExitLong,51405,51595
CFFEX.IF.HOT,LONG,202006041435,3957.6,202006050935,3961.8,2,2520,240,-6720,-132885,DT_EnterLong,DT_ExitLong,51642,51648
CFFEX.IF.HOT,SHORT,202006050940,3951,202006051100,3947.8,2,1920,7440,-3120,-131074,DT_EnterShort,DT_ExitShort,51649,51665
CFFEX.IF.HOT,SHORT,202006051130,3945.4,202006051410,3966.8,2,-12840,1080,-13440,-144023,DT_EnterShort,DT_ExitShort,51671,51685
CFFEX.IF.HOT,LONG,202006091015,4013,202006101045,3999,2,-8400,7800,-8880,-152533,DT_EnterLong,DT_ExitLong,51752,51806
CFFEX.IF.HOT,LONG,202006101425,4014,202006110940,3993.8,2,-12120,1800,-13680,-164764,DT_EnterLong,DT_ExitLong,51832,51841
CFFEX.IF.HOT,SHORT,202006110945,3994.8,202006111130,4020.4,2,-15360,600,-17520,-180234,DT_EnterShort,DT_ExitShort,51842,51863
CFFEX.IF.HOT,SHORT,202006111315,3989,202006121320,3966.6,2,13440,41400,-120,-166904,DT_EnterShort,DT_ExitShort,51866,51915
CFFEX.IF.HOT,SHORT,202006151315,3955.2,202006161005,3993.4,2,-22920,17160,-26640,-189934,DT_EnterShort,DT_ExitShort,51962,51990
CFFEX.IF.HOT,LONG,202006171430,4008.6,202006191025,4037.4,2,17280,23640,-10080,-172765,DT_EnterLong,DT_ExitLong,52073,52138
CFFEX.IF.HOT,LONG,202006191030,4031.6,202006221405,4051,2,11640,33720,-5640,-161236,DT_EnterLong,DT_ExitLong,52139,52212
CFFEX.IF.HOT,SHORT,202006291000,4077,202006300945,4116.8,2,-23880,14880,-24600,-185230,DT_EnterShort,DT_ExitShort,52325,52370
CFFEX.IF.HOT,LONG,202007081430,4767.4,202007101045,4791.2,2,14280,47640,-14640,-171081,DT_EnterLong,DT_ExitLong,52697,52766
CFFEX.IF.HOT,SHORT,202007101050,4764.6,202007131045,4798,2,-20040,24240,-29640,-191253,DT_EnterShort,DT_ExitShort,52767,52814
CFFEX.IF.HOT,SHORT,202007141035,4790.8,202007150945,4810.8,2,-12000,44520,-32400,-203386,DT_EnterShort,DT_ExitShort,52860,52898
CFFEX.IF.HOT,SHORT,202007151105,4764.6,202007171450,4516.2,2,149040,168960,-32280,-54474,DT_EnterShort,DT_ExitShort,52914,53037
CFFEX.IF.HOT,SHORT,202007211345,4642.8,202007220935,4658,2,-9120,3720,-15720,-63722.3,DT_EnterShort,DT_ExitShort,53120,53136
CFFEX.IF.HOT,SHORT,202007221445,4666.4,202007231415,4703.2,2,-22080,52440,-31800,-85931.6,DT_EnterShort,DT_ExitShort,53180,53222
CFFEX.IF.HOT,SHORT,202007240955,4632,202007271405,4508.4,2,74160,118200,-3600,-11897.8,DT_EnterShort,DT_ExitShort,53236,53316
CFFEX.IF.HOT,LONG,202007281000,4531.8,202007281415,4515.8,2,-9600,20640,-17040,-21622.6,DT_EnterLong,DT_ExitLong,53333,53366
CFFEX.IF.HOT,LONG,202007291000,4573.6,202007301340,4646.6,2,43800,69240,-240,22050.1,DT_EnterLong,DT_ExitLong,53381,53455
CFFEX.IF.HOT,LONG,202007310955,4719.2,202007311110,4590.4,2,-77280,15840,-83400,-55358.3,DT_EnterLong,DT_ExitLong,53476,53491
CFFEX.IF.HOT,LONG,202007311450,4661.2,202008050945,4712.6,2,30840,73080,-2880,-24647.7,DT_EnterLong,DT_ExitLong,53517,53618
CFFEX.IF.HOT,SHORT,202008051410,4744,202008051425,4728.8,2,9120,12000,-2520,-15658.4,DT_EnterShort,DT_ExitShort,53653,53656
CFFEX.IF.HOT,LONG,202008061455,4729,202008071025,4680,2,-29400,6000,-31680,-45188.3,DT_EnterLong,DT_ExitLong,53710,53722
CFFEX.IF.HOT,LONG,202008071450,4673,202008111415,4708.6,2,21360,63600,-38160,-23957.7,DT_EnterLong,DT_ExitLong,53757,53846
CFFEX.IF.HOT,LONG,202008121455,4628,202008181050,4806.6,2,107160,129360,-22560,83072.1,DT_EnterLong,DT_ExitLong,53902,54063
CFFEX.IF.HOT,LONG,202008181345,4812,202008181405,4808.2,2,-2280,2400,-5160,80659.3,DT_EnterLong,DT_ExitLong,54080,54084
CFFEX.IF.HOT,LONG,202008210950,4708.8,202008250935,4727.8,2,11400,22920,-34920,91929.1,DT_EnterLong,DT_ExitLong,54195,54288
CFFEX.IF.HOT,LONG,202008250940,4763.4,202008261050,4734.8,2,-17160,12000,-33000,74638,DT_EnterLong,DT_ExitLong,54289,54351
CFFEX.IF.HOT,LONG,202008271125,4690.4,202008311415,4834.6,2,86520,124560,-4920,161027,DT_EnterLong,DT_ExitLong,54406,54518
CFFEX.IF.HOT,LONG,202009021335,4818.6,202009030940,4798.2,2,-12240,11880,-18000,148654,DT_EnterLong,DT_ExitLong,54606,54625
CFFEX.IF.HOT,LONG,202009031005,4843.6,202009031305,4799.4,2,-26520,6840,-37920,122001,DT_EnterLong,DT_ExitLong,54630,54648
CFFEX.IF.HOT,LONG,202009041455,4764.6,202009071050,4720.6,2,-26400,8160,-31680,95469.9,DT_EnterLong,DT_ExitLong,54718,54735
CFFEX.IF.HOT,SHORT,202009071055,4723,202009081405,4693.2,2,17880,56160,-17760,113220,DT_EnterShort,DT_ExitShort,54736,54804
CFFEX.IF.HOT,SHORT,202009090955,4609.4,202009101000,4628,2,-11160,39360,-12360,101932,DT_EnterShort,DT_ExitShort,54820,54869
CFFEX.IF.HOT,LONG,202009101005,4624.8,202009101440,4575.2,2,-29760,5880,-30120,72045.5,DT_EnterLong,DT_ExitLong,54870,54907
CFFEX.IF.HOT,LONG,202009111350,4598,202009141400,4625.2,2,16320,33720,-2760,88238.2,DT_EnterLong,DT_ExitLong,54945,54995
CFFEX.IF.HOT,LONG,202009150935,4640,202009161025,4662.2,2,13320,28200,-9360,101430,DT_EnterLong,DT_ExitLong,55008,55066
CFFEX.IF.HOT,SHORT,202009161305,4659.6,202009171415,4659.6,2,5.45697e-10,36600,-3000,101301,DT_EnterShort,DT_ExitShort,55080,55142
CFFEX.IF.HOT,SHORT,202009181050,4623,202009181130,4643,2,-12000,7440,-12600,89173.4,DT_EnterShort,DT_ExitShort,55167,55175
CFFEX.IF.HOT,LONG,202009221325,4665.2,202009221340,4657.2,2,-4800,3840,-4800,84244.7,DT_EnterLong,DT_ExitLong,55276,55279
CFFEX.IF.HOT,SHORT,202009221345,4656.6,202009251000,4569,2,52560,78360,-4080,136677,DT_EnterShort,DT_ExitShort,55280,55397
CFFEX.IF.HOT,LONG,202009251445,4566.8,202009281435,4569.2,2,1440,26880,-4920,137991,DT_EnterLong,DT_ExitLong,55436,55482
CFFEX.IF.HOT,LONG,202009290950,4590.6,202009301340,4568.4,2,-13320,23400,-16800,124545,DT_EnterLong,DT_ExitLong,55491,55567
CFFEX.IF.HOT,LONG,202010090955,4657.2,202010141020,4798.4,2,84720,112800,-2520,209134,DT_EnterLong,DT_ExitLong,55588,55737
CFFEX.IF.HOT,SHORT,202010151010,4800.4,202010190950,4841.8,2,-24840,39240,-25200,184161,DT_EnterShort,DT_ExitShort,55783,55875
CFFEX.IF.HOT,SHORT,202010191125,4754,202010201310,4743.8,2,6120,27120,-5400,190150,DT_EnterShort,DT_ExitShort,55894,55945
CFFEX.IF.HOT,SHORT,202010211050,4730.6,202010211445,4762.6,2,-19200,4560,-20280,170819,DT_EnterShort,DT_ExitShort,55983,56012
CFFEX.IF.HOT,LONG,202010211450,4767.6,202010221010,4722,2,-27360,3480,-27360,143328,DT_EnterLong,DT_ExitLong,56013,56023
CFFEX.IF.HOT,LONG,202010221350,4750.2,202010231350,4741.4,2,-5280,17640,-11760,137917,DT_EnterLong,DT_ExitLong,56049,56097
CFFEX.IF.HOT,SHORT,202010271020,4666,202010271335,4677.2,2,-6720,9240,-10200,131068,DT_EnterShort,DT_ExitShort,56169,56190
CFFEX.IF.HOT,SHORT,202010291025,4702.2,202010291030,4703.2,2,-600,360,-3480,130339,DT_EnterShort,DT_ExitShort,56266,56267
CFFEX.IF.HOT,LONG,202010291045,4717.8,202011061130,4833.6,2,69480,96720,-29400,199687,DT_EnterLong,DT_ExitLong,56270,56567
CFFEX.IF.HOT,LONG,202011090935,4899.6,202011101030,4955.6,2,33600,56040,-120,233151,DT_EnterLong,DT_ExitLong,56592,56651
CFFEX.IF.HOT,LONG,202011160945,4840.8,202011171105,4859,2,10920,29400,-6840,243937,DT_EnterLong,DT_ExitLong,56834,56898
CFFEX.IF.HOT,LONG,202011180950,4899,202011181425,4861.8,2,-22320,1200,-27360,221482,DT_EnterLong,DT_ExitLong,56931,56968
CFFEX.IF.HOT,LONG,202011191045,4900.6,202011241025,4970.4,2,41880,78840,-6000,263226,DT_EnterLong,DT_ExitLong,56990,57130
CFFEX.IF.HOT,SHORT,202011251045,4972.6,202012011120,5032,2,-35640,60480,-56280,227448,DT_EnterShort,DT_ExitShort,57182,57381
CFFEX.IF.HOT,SHORT,202012031405,5051,202012031445,5068.8,2,-10680,6000,-18840,216628,DT_EnterShort,DT_ExitShort,57492,57500
CFFEX.IF.HOT,LONG,202012031450,5068.4,202012040955,5028,2,-24240,2520,-24720,192249,DT_EnterLong,DT_ExitLong,57501,57508
CFFEX.IF.HOT,LONG,202012041335,5062.8,202012071015,5043.4,2,-11640,10920,-22680,180470,DT_EnterLong,DT_ExitLong,57534,57560
CFFEX.IF.HOT,SHORT,202012071020,5037.2,202012080955,5048.2,2,-6600,18480,-10080,173730,DT_EnterShort,DT_ExitShort,57561,57604
CFFEX.IF.HOT,LONG,202012081425,5026.4,202012081440,5018.2,2,-4920,1200,-6360,168672,DT_EnterLong,DT_ExitLong,57640,57643
CFFEX.IF.HOT,SHORT,202012111005,4939.6,202012141025,4904.6,2,21000,53640,-2160,189536,DT_EnterShort,DT_ExitShort,57750,57802
CFFEX.IF.HOT,SHORT,202012151025,4914.6,202012151050,4915,2,-240,2160,-10920,189160,DT_EnterShort,DT_ExitShort,57850,57855
CFFEX.IF.HOT,SHORT,202012151130,4911.6,202012211035,5030.8,2,-71520,600,-72720,117503,DT_EnterShort,DT_ExitShort,57863,58044
CFFEX.IF.HOT,SHORT,202012221025,5024.2,202012231305,5015,2,5520,41400,-14640,122885,DT_EnterShort,DT_ExitShort,58090,58152
CFFEX.IF.HOT,SHORT,202012231420,4988.8,202012251055,5035.2,2,-27840,9120,-27720,94906.2,DT_EnterShort,DT_ExitShort,58167,58240
CFFEX.IF.HOT,SHORT,202012281440,5051.6,202012290950,5079,2,-16440,840,-18120,78326.4,DT_EnterShort,DT_ExitShort,58315,58323
CFFEX.IF.HOT,SHORT,202012291025,5054.4,202012291115,5074.4,2,-12000,1800,-18840,66186.6,DT_EnterShort,DT_ExitShort,58330,58340
CFFEX.IF.HOT,SHORT,202012291130,5051.2,202101121115,5506.6,2,-273240,4320,-307440,-207199,DT_EnterShort,DT_ExitShort,58343,58772
CFFEX.IF.HOT,LONG,202101121120,5497.2,202101131355,5539.8,2,25560,86760,-7680,-181791,DT_EnterLong,DT_ExitLong,58773,58834
CFFEX.IF.HOT,LONG,202101151455,5450.6,202101180940,5422,2,-17160,8520,-19320,-199101,DT_EnterLong,DT_ExitLong,58942,58945
CFFEX.IF.HOT,LONG,202101181040,5461,202101191020,5497.2,2,21720,50760,-4320,-177533,DT_EnterLong,DT_ExitLong,58957,59001
CFFEX.IF.HOT,SHORT,202101191025,5492.2,202101201045,5477,2,9120,49320,-9960,-168564,DT_EnterShort,DT_ExitShort,59002,59054
CFFEX.IF.HOT,SHORT,202101201315,5448,202101201405,5467,2,-11400,16080,-12600,-180115,DT_EnterShort,DT_ExitShort,59066,59076
CFFEX.IF.HOT,SHORT,202101221040,5523.8,202101221450,5538.8,2,-9000,21480,-12120,-189267,DT_EnterShort,DT_ExitShort,59149,59181
CFFEX.IF.HOT,LONG,202101221455,5531.4,202101260940,5543.2,2,7080,44040,-16920,-182340,DT_EnterLong,DT_ExitLong,59182,59233
CFFEX.IF.HOT,SHORT,202101260945,5541.4,202101271350,5487.8,2,32160,58680,-5040,-150332,DT_EnterShort,DT_ExitShort,59234,59313
CFFEX.IF.HOT,SHORT,202101291035,5380.2,202102011020,5375.6,2,2760,66360,-10800,-147721,DT_EnterShort,DT_ExitShort,59388,59433
CFFEX.IF.HOT,LONG,202102011025,5371.6,202102011115,5356.8,2,-8880,6240,-17640,-156749,DT_EnterLong,DT_ExitLong,59434,59444
CFFEX.IF.HOT,LONG,202102011305,5367.2,202102031500,5461.8,2,56760,75240,-360,-100138,DT_EnterLong,DT_ExitLong,59448,59567
CFFEX.IF.HOT,LONG,202102041445,5462.8,202102051455,5467.6,2,2880,36000,-5040,-97409.1,DT_EnterLong,DT_ExitLong,59612,59662
CFFEX.IF.HOT,LONG,202102081105,5532,202102181310,5747.8,2,129480,228720,-6000,31915.2,DT_EnterLong,DT_ExitLong,59682,59833
CFFEX.IF.HOT,LONG,202102191350,5739.4,202102221005,5678.2,2,-36720,14160,-56040,-4962.33,DT_EnterLong,DT_ExitLong,59889,59910
CFFEX.IF.HOT,SHORT,202102231410,5588.6,202102251045,5498.2,2,54240,134760,-3120,49124.7,DT_EnterShort,DT_ExitShort,59989,60062
CFFEX.IF.HOT,SHORT,202103021120,5355.4,202103031030,5359.2,2,-2280,57240,-7320,46696.8,DT_EnterShort,DT_ExitShort,60213,60251
CFFEX.IF.HOT,SHORT,202103041000,5321,202103051125,5252.6,2,41040,98520,-13560,87590.9,DT_EnterShort,DT_ExitShort,60293,60358
CFFEX.IF.HOT,SHORT,202103051330,5225.2,202103051400,5277,2,-31080,3360,-31080,56366,DT_EnterShort,DT_ExitShort,60365,60371
CFFEX.IF.HOT,LONG,202103051405,5290.2,202103081050,5176.8,2,-68040,15600,-69120,-11818.5,DT_EnterLong,DT_ExitLong,60372,60399
CFFEX.IF.HOT,LONG,202103101305,5026.2,202103101315,4995.2,2,-18600,2160,-22560,-30556.8,DT_EnterLong,DT_ExitLong,60504,60506
CFFEX.IF.HOT,SHORT,202103101320,5001.6,202103111000,5070.4,2,-41280,12360,-47760,-71975.8,DT_EnterShort,DT_ExitShort,60507,60533
CFFEX.IF.HOT,LONG,202103111005,5078.8,202103121035,5069.8,2,-5400,31680,-14280,-77515.8,DT_EnterLong,DT_ExitLong,60534,60588
CFFEX.IF.HOT,LONG,202103121315,5101.2,202103150945,5048.8,2,-31440,14880,-35400,-109096,DT_EnterLong,DT_ExitLong,60602,60626
CFFEX.IF.HOT,LONG,202103161000,5073.8,202103170945,5005.6,2,-40920,960,-46080,-150155,DT_EnterLong,DT_ExitLong,60677,60722
CFFEX.IF.HOT,SHORT,202103171330,5056,202103221010,4990.4,2,39360,92400,-56400,-110934,DT_EnterShort,DT_ExitShort,60749,60871
CFFEX.IF.HOT,SHORT,202103231045,4962.8,202103240950,4966.2,2,-2040,28680,-26160,-113111,DT_EnterShort,DT_ExitShort,60926,60963
CFFEX.IF.HOT,LONG,202103240955,4967,202103241020,4934.4,2,-19560,2520,-23880,-132807,DT_EnterLong,DT_ExitLong,60964,60969
CFFEX.IF.HOT,LONG,202103251105,4934,202103251430,4908,2,-15600,3360,-21360,-148543,DT_EnterLong,DT_ExitLong,61026,61049
CFFEX.IF.HOT,SHORT,202103251435,4906.6,202103251445,4922.6,2,-9600,2040,-9840,-158279,DT_EnterShort,DT_ExitShort,61050,61052
CFFEX.IF.HOT,SHORT,202103291335,5016.8,202103301025,5043.2,2,-15840,8760,-16320,-174258,DT_EnterShort,DT_ExitShort,61134,61162
CFFEX.IF.HOT,LONG,202104010940,5038.4,202104061030,5118.8,2,48240,73080,-6600,-126158,DT_EnterLong,DT_ExitLong,61249,61355
CFFEX.IF.HOT,LONG,202104080935,5050.2,202104131330,4933.6,2,-69960,31680,-72120,-196255,DT_EnterLong,DT_ExitLong,61440,61613
CFFEX.IF.HOT,LONG,202104141005,4983.8,202104150945,4953.6,2,-18120,6720,-20760,-214513,DT_EnterLong,DT_ExitLong,61638,61682
CFFEX.IF.HOT,LONG,202104151450,4943.6,202104161010,4891.6,2,-31200,6360,-31560,-245848,DT_EnterLong,DT_ExitLong,61725,61735
CFFEX.IF.HOT,SHORT,202104161015,4887.4,202104161345,4935.6,2,-28920,1440,-30840,-274904,DT_EnterShort,DT_ExitShort,61736,61760
CFFEX.IF.HOT,SHORT,202104201440,5071.2,202104211310,5067.2,2,2400,27120,-7080,-272644,DT_EnterShort,DT_ExitShort,61867,61897
CFFEX.IF.HOT,SHORT,202104221010,5041.2,202104230950,5087.2,2,-27600,960,-28080,-300384,DT_EnterShort,DT_ExitShort,61927,61971
CFFEX.IF.HOT,SHORT,202104261345,5094.4,202105071025,5072.2,2,13320,44280,-42720,-287204,DT_EnterShort,DT_ExitShort,62048,62314
CFFEX.IF.HOT,SHORT,202105071320,5040,202105111130,4964.6,2,45240,74160,-9240,-242102,DT_EnterShort,DT_ExitShort,62331,62423
CFFEX.IF.HOT,SHORT,202105121315,5002.2,202105121415,5016.6,2,-8640,7320,-14880,-250880,DT_EnterShort,DT_ExitShort,62474,62486
CFFEX.IF.HOT,SHORT,202105131010,4970.2,202105141055,5027,2,-34080,11520,-34680,-285098,DT_EnterShort,DT_ExitShort,62503,62560
CFFEX.IF.HOT,LONG,202105181500,5163.6,202105190950,5130.2,2,-20040,120,-22800,-305280,DT_EnterLong,DT_ExitLong,62687,62691
CFFEX.IF.HOT,LONG,202105191045,5157.2,202105201035,5149.4,2,-4680,11520,-18480,-310102,DT_EnterLong,DT_ExitLong,62702,62748
CFFEX.IF.HOT,SHORT,202105211030,5120.8,202105241315,5125.2,2,-2640,32760,-15120,-312884,DT_EnterShort,DT_ExitShort,62795,62858
CFFEX.IF.HOT,LONG,202105261415,5314.4,202105270940,5302.4,2,-7200,7080,-12240,-320230,DT_EnterLong,DT_ExitLong,62966,62977
CFFEX.IF.HOT,LONG,202105271100,5375.2,202105271345,5316.8,2,-35040,1200,-43800,-355418,DT_EnterLong,DT_ExitLong,62993,63008
CFFEX.IF.HOT,LONG,202105271420,5332,202105281405,5291,2,-24600,15960,-24480,-380165,DT_EnterLong,DT_ExitLong,63015,63060
CFFEX.IF.HOT,LONG,202105311405,5307.6,202106021020,5298.4,2,-5520,18120,-33840,-385831,DT_EnterLong,DT_ExitLong,63108,63177
CFFEX.IF.HOT,SHORT,202106021030,5292.4,202106031120,5294.4,2,-1200,26520,-3360,-387177,DT_EnterShort,DT_ExitShort,63179,63237
CFFEX.IF.HOT,SHORT,202106031415,5259.6,202106041320,5294.4,2,-20880,31920,-21840,-408203,DT_EnterShort,DT_ExitShort,63254,63291
CFFEX.IF.HOT,SHORT,202106071015,5242.8,202106071420,5258.8,2,-9600,11280,-13320,-417948,DT_EnterShort,DT_ExitShort,63320,63351
CFFEX.IF.HOT,LONG,202106071425,5254.4,202106081105,5204.8,2,-29760,38280,-30360,-447852,DT_EnterLong,DT_ExitLong,63352,63378
CFFEX.IF.HOT,LONG,202106091500,5234.2,202106171345,5091.8,2,-85440,40680,-100320,-533434,DT_EnterLong,DT_ExitLong,63455,63680
CFFEX.IF.HOT,SHORT,202106180940,5070.6,202106181435,5083.2,2,-7560,26280,-17040,-541135,DT_EnterShort,DT_ExitShort,63697,63738
CFFEX.IF.HOT,SHORT,202106210950,5041.4,202106211030,5094,2,-31560,4200,-32520,-572834,DT_EnterShort,DT_ExitShort,63747,63755
CFFEX.IF.HOT,SHORT,202106211130,5040,202106220940,5073,2,-19800,4200,-28320,-592774,DT_EnterShort,DT_ExitShort,63767,63793
CFFEX.IF.HOT,SHORT,202106221420,5056.8,202106221450,5086.2,2,-17640,720,-22200,-610554,DT_EnterShort,DT_ExitShort,63831,63837
CFFEX.IF.HOT,SHORT,202106240955,5100.8,202106241350,5120,2,-11520,2760,-14040,-622215,DT_EnterShort,DT_ExitShort,63892,63921
CFFEX.IF.HOT,LONG,202106241355,5124.2,202107010950,5154.8,2,18360,71160,-3600,-603997,DT_EnterLong,DT_ExitLong,63922,64131
CFFEX.IF.HOT,LONG,202107011345,5185.4,202107011445,5141.8,2,-26160,11280,-27960,-630299,DT_EnterLong,DT_ExitLong,64160,64172
CFFEX.IF.HOT,LONG,202107051455,5055.4,202107081040,5097.2,2,25080,53760,-26040,-605359,DT_EnterLong,DT_ExitLong,64270,64381
CFFEX.IF.HOT,LONG,202107091410,5055.8,202107131315,5112.2,2,33840,61560,-4320,-571660,DT_EnterLong,DT_ExitLong,64453,64538
CFFEX.IF.HOT,SHORT,202107131320,5111,202107131410,5136.6,2,-15360,2160,-15720,-587161,DT_EnterShort,DT_ExitShort,64539,64549
CFFEX.IF.HOT,SHORT,202107151040,5075.6,202107151105,5117.4,2,-25080,2160,-25200,-612382,DT_EnterShort,DT_ExitShort,64621,64626
CFFEX.IF.HOT,SHORT,202107161020,5096.2,202107191335,5066.6,2,17760,46560,-8640,-594762,DT_EnterShort,DT_ExitShort,64665,64734
CFFEX.IF.HOT,LONG,202107201435,5103,202107221315,5121,2,10800,30600,-10680,-584103,DT_EnterLong,DT_ExitLong,64794,64874
CFFEX.IF.HOT,SHORT,202107221320,5121.6,202107301445,4778.2,2,206040,279000,-7920,-378200,DT_EnterShort,DT_ExitShort,64875,65180
CFFEX.IF.HOT,SHORT,202108021010,4738.2,202108021040,4824,2,-51480,120,-54360,-429812,DT_EnterShort,DT_ExitShort,65191,65197
CFFEX.IF.HOT,LONG,202108021045,4832.6,202108050955,4917.2,2,50760,69960,-5040,-379186,DT_EnterLong,DT_ExitLong,65198,65332
CFFEX.IF.HOT,LONG,202108051045,4922,202108051105,4914.4,2,-4560,480,-9600,-383882,DT_EnterLong,DT_ExitLong,65342,65346
CFFEX.IF.HOT,LONG,202108051320,4930.2,202108051355,4910.6,2,-11760,1080,-13800,-395778,DT_EnterLong,DT_ExitLong,65355,65362
CFFEX.IF.HOT,LONG,202108061500,4891.4,202108101010,4918.6,2,16320,51240,-24840,-379593,DT_EnterLong,DT_ExitLong,65423,65479
CFFEX.IF.HOT,LONG,202108101355,4980.2,202108171305,4883.2,2,-58200,30840,-63720,-437929,DT_EnterLong,DT_ExitLong,65506,65736
CFFEX.IF.HOT,LONG,202108181315,4869.2,202108191035,4815.4,2,-32280,7560,-37920,-470343,DT_EnterLong,DT_ExitLong,65786,65820
CFFEX.IF.HOT,LONG,202108231005,4768,202108251035,4832.8,2,38880,63840,-2040,-431595,DT_EnterLong,DT_ExitLong,65910,66012
CFFEX.IF.HOT,SHORT,202108251040,4841.8,202108251435,4848.4,2,-3960,10080,-9120,-435689,DT_EnterShort,DT_ExitShort,66013,66042
CFFEX.IF.HOT,SHORT,202108260940,4817.6,202108271015,4837.2,2,-11760,34560,-11640,-447582,DT_EnterShort,DT_ExitShort,66049,66104
CFFEX.IF.HOT,LONG,202108311410,4774.6,202109021115,4845.8,2,42720,74400,-22440,-404995,DT_EnterLong,DT_ExitLong,66229,66308
CFFEX.IF.HOT,LONG,202109031035,4862.6,202109031335,4834.4,2,-16920,4320,-16800,-422049,DT_EnterLong,DT_ExitLong,66348,66366
CFFEX.IF.HOT,LONG,202109071030,4921.2,202109081320,4947.8,2,15960,55920,-7560,-406225,DT_EnterLong,DT_ExitLong,66443,66507
CFFEX.IF.HOT,LONG,202109091440,4954.4,202109141325,4959.4,2,3000,59160,-2280,-403362,DT_EnterLong,DT_ExitLong,66571,66700
CFFEX.IF.HOT,LONG,202109171310,4832,202109221010,4791,2,-24600,15600,-34200,-428095,DT_EnterLong,DT_ExitLong,66841,66871
CFFEX.IF.HOT,LONG,202109221355,4825.8,202109231440,4831.8,2,3600,31440,-16680,-424628,DT_EnterLong,DT_ExitLong,66898,66955
CFFEX.IF.HOT,LONG,202109240940,4849.8,202109241455,4847,2,-1680,30120,-5880,-426442,DT_EnterLong,DT_ExitLong,66961,67006
CFFEX.IF.HOT,LONG,202109271005,4914,202109271325,4860.8,2,-31920,7920,-42240,-458497,DT_EnterLong,DT_ExitLong,67014,67036
CFFEX.IF.HOT,LONG,202109271415,4885.4,202109271440,4871,2,-8640,4200,-8640,-467271,DT_EnterLong,DT_ExitLong,67046,67051
CFFEX.IF.HOT,SHORT,202109271455,4882.4,202109281040,4884.4,2,-1200,18840,-10560,-468606,DT_EnterShort,DT_ExitShort,67054,67069
CFFEX.IF.HOT,SHORT,202109281445,4878.8,202109291400,4866.4,2,7440,48600,-2040,-461301,DT_EnterShort,DT_ExitShort,67100,67139
CFFEX.IF.HOT,LONG,202109301355,4864.2,202110080945,4855,2,-5520,9120,-5400,-466955,DT_EnterLong,DT_ExitLong,67186,67202
CFFEX.IF.HOT,SHORT,202110080955,4855,202110081040,4929.4,2,-44640,0,-53160,-511730,DT_EnterShort,DT_ExitShort,67204,67213
CFFEX.IF.HOT,SHORT,202110111425,4950.8,202110131130,4892.8,2,34800,67560,-1320,-477066,DT_EnterShort,DT_ExitShort,67288,67367
CFFEX.IF.HOT,SHORT,202110141105,4922.6,202110151045,4921.8,2,480,29160,-6720,-476722,DT_EnterShort,DT_ExitShort,67410,67454
CFFEX.IF.HOT,SHORT,202110201035,4892.2,202110201310,4905,2,-7680,7920,-12240,-484537,DT_EnterShort,DT_ExitShort,67596,67609
CFFEX.IF.HOT,SHORT,202110201350,4892,202110211015,4903.2,2,-6720,5520,-8400,-491392,DT_EnterShort,DT_ExitShort,67617,67640
CFFEX.IF.HOT,SHORT,202110211350,4889,202110211500,4910,2,-12600,12840,-15600,-504127,DT_EnterShort,DT_ExitShort,67665,67679
CFFEX.IF.HOT,LONG,202110251120,4962,202110261350,4945.8,2,-9720,28200,-15960,-513984,DT_EnterLong,DT_ExitLong,67749,67809
CFFEX.IF.HOT,LONG,202110281130,4872.6,202110281335,4869.4,2,-1920,7800,-2760,-516038,DT_EnterLong,DT_ExitLong,67895,67902
CFFEX.IF.HOT,LONG,202110291020,4876.2,202111011010,4872.8,2,-2040,17280,-11520,-518213,DT_EnterLong,DT_ExitLong,67929,67975
CFFEX.IF.HOT,LONG,202111011105,4900.4,202111011420,4889.2,2,-6720,2280,-9120,-525068,DT_EnterLong,DT_ExitLong,67986,68007
CFFEX.IF.HOT,LONG,202111020940,4901.4,202111021100,4878.4,2,-13800,10560,-17040,-539003,DT_EnterLong,DT_ExitLong,68017,68033
CFFEX.IF.HOT,LONG,202111041000,4858.4,202111051425,4861.8,2,2040,19560,-9120,-537097,DT_EnterLong,DT_ExitLong,68117,68200
CFFEX.IF.HOT,LONG,202111081340,4869.4,202111090935,4860,2,-5640,120,-16920,-542871,DT_EnterLong,DT_ExitLong,68239,68256
CFFEX.IF.HOT,SHORT,202111091030,4829.8,202111091410,4851.8,2,-13200,9120,-19440,-556205,DT_EnterShort,DT_ExitShort,68267,68293
CFFEX.IF.HOT,SHORT,202111100935,4829.4,202111101455,4809.6,2,11880,53040,-480,-544458,DT_EnterShort,DT_ExitShort,68304,68350
CFFEX.IF.HOT,LONG,202111121400,4896.6,202111151030,4889.4,2,-4320,11640,-15120,-548913,DT_EnterLong,DT_ExitLong,68435,68459
CFFEX.IF.HOT,LONG,202111151100,4882.8,202111151105,4878.4,2,-2640,1080,-2520,-551688,DT_EnterLong,DT_ExitLong,68465,68466
CFFEX.IF.HOT,SHORT,202111151115,4876.8,202111151420,4884.6,2,-4680,6000,-9360,-556502,DT_EnterShort,DT_ExitShort,68468,68487
CFFEX.IF.HOT,SHORT,202111161350,4888.6,202111190955,4859.2,2,17640,42360,-6600,-538997,DT_EnterShort,DT_ExitShort,68529,68644
CFFEX.IF.HOT,LONG,202111191350,4891,202111231355,4900.6,2,5760,22200,-4320,-533372,DT_EnterLong,DT_ExitLong,68673,68770
CFFEX.IF.HOT,SHORT,202111251000,4899.2,202111300945,4860,2,23520,46320,-4680,-509987,DT_EnterShort,DT_ExitShort,68837,68978
CFFEX.IF.HOT,LONG,202111300950,4859.6,202111301050,4836.8,2,-13680,7560,-14760,-523801,DT_EnterLong,DT_ExitLong,68979,68991
CFFEX.IF.HOT,SHORT,202112031105,4862.8,202112031130,4864.6,2,-1080,4920,-2640,-525015,DT_EnterShort,DT_ExitShort,69138,69143
CFFEX.IF.HOT,SHORT,202112061440,4906.6,202112071455,4920.2,2,-8160,8640,-17400,-533310,DT_EnterShort,DT_ExitShort,69211,69262
CFFEX.IF.HOT,LONG,202112080950,4923.6,202112101005,5066.6,2,85800,128520,-600,-447648,DT_EnterLong,DT_ExitLong,69267,69366
CFFEX.IF.HOT,LONG,202112130945,5125.8,202112131430,5085.6,2,-24120,21480,-24240,-471909,DT_EnterLong,DT_ExitLong,69410,69449
CFFEX.IF.HOT,LONG,202112161410,5019.4,202112221310,4917,2,-61440,14160,-74520,-533486,DT_EnterLong,DT_ExitLong,69589,69769
CFFEX.IF.HOT,SHORT,202112221315,4913.8,202112231405,4943,2,-17520,240,-24720,-551142,DT_EnterShort,DT_ExitShort,69770,69828
CFFEX.IF.HOT,SHORT,202112241045,4926,202112280950,4958.2,2,-19320,8280,-24600,-570599,DT_EnterShort,DT_ExitShort,69854,69939
CFFEX.IF.HOT,LONG,202112281000,4950.4,202112311425,4948.4,2,-1200,26040,-30720,-571935,DT_EnterLong,DT_ExitLong,69941,70120
CFFEX.IF.HOT,LONG,202201041405,4929.4,202201051035,4890.2,2,-23520,1680,-26520,-595591,DT_EnterLong,DT_ExitLong,70164,70188
CFFEX.IF.HOT,SHORT,202201051040,4902,202201051110,4922.8,2,-12480,840,-16080,-608206,DT_EnterShort,DT_ExitShort,70189,70195
CFFEX.IF.HOT,SHORT,202201051310,4897.8,202201101050,4848.2,2,29760,66360,-120,-578581,DT_EnterShort,DT_ExitShort,70201,70335
CFFEX.IF.HOT,SHORT,202201111010,4829.8,202201121020,4828.2,2,960,20520,-17280,-577754,DT_EnterShort,DT_ExitShort,70375,70425
CFFEX.IF.HOT,LONG,202201121025,4830.2,202201131030,4830.8,2,360,23640,-6720,-577528,DT_EnterLong,DT_ExitLong,70426,70475
CFFEX.IF.HOT,LONG,202201171025,4752.4,202201241425,4787.8,2,21240,61440,-6120,-556419,DT_EnterLong,DT_ExitLong,70570,70840
CFFEX.IF.HOT,SHORT,202201241430,4790.2,202201261430,4720.8,2,41640,75480,-8640,-514910,DT_EnterShort,DT_ExitShort,70841,70937
CFFEX.IF.HOT,SHORT,202201271005,4695.2,202202071010,4634,2,36720,102720,-5880,-478319,DT_EnterShort,DT_ExitShort,70950,71047
CFFEX.IF.HOT,LONG,202202071305,4642.2,202202101110,4626.8,2,-9240,10200,-74520,-487687,DT_EnterLong,DT_ExitLong,71064,71203
CFFEX.IF.HOT,LONG,202202110940,4627.8,202202111350,4615.2,2,-7560,23880,-10560,-495375,DT_EnterLong,DT_ExitLong,71233,71265
CFFEX.IF.HOT,LONG,202202151020,4587.8,202202161445,4611.8,2,14400,30480,-12360,-481102,DT_EnterLong,DT_ExitLong,71337,71420
CFFEX.IF.HOT,SHORT,202202171500,4623.8,202202181340,4631.8,2,-4800,15240,-9480,-486029,DT_EnterShort,DT_ExitShort,71471,71503
CFFEX.IF.HOT,LONG,202202251000,4596,202202251450,4573.6,2,-13440,16200,-21240,-499596,DT_EnterLong,DT_ExitLong,71717,71757
CFFEX.IF.HOT,SHORT,202203021000,4574.8,202203030940,4589.8,2,-9000,13680,-17880,-508722,DT_EnterShort,DT_ExitShort,71861,71905
CFFEX.IF.HOT,SHORT,202203031035,4564,202203100950,4296,2,160800,323400,-3480,-348045,DT_EnterShort,DT_ExitShort,71916,72147
CFFEX.IF.HOT,SHORT,202203110940,4195,202203111425,4291.2,2,-57720,27600,-58200,-405882,DT_EnterShort,DT_ExitShort,72193,72232
CFFEX.IF.HOT,SHORT,202203141120,4203.8,202203161335,4118,2,51480,161040,-18120,-354517,DT_EnterShort,DT_ExitShort,72261,72366
CFFEX.IF.HOT,SHORT,202203211115,4222,202203221045,4221.2,2,480,28800,-8400,-354153,DT_EnterShort,DT_ExitShort,72500,72542
CFFEX.IF.HOT,SHORT,202203221435,4212,202203231015,4234.8,2,-13680,4800,-16800,-367950,DT_EnterShort,DT_ExitShort,72570,72584
